alignment,polymorphic,HXB2,TF,consensus,epitope,exposed,edge_gap,flanking
0,0,6225,A,A,,False,True,0
1,1,6226,T,T,,False,True,0
2,2,6227,G,G,,False,True,0
3,3,6228,A,A,,False,True,0
4,4,6229,G,G,,False,True,0
5,5,6230,A,A,,False,True,0
6,6,6231,G,G,,False,True,0
7,7,6232,T,T,,False,True,0
8,8,6233,G,G,,False,True,0
9,9,6234,A,A,,False,True,0
10,10,6235,G,G,,False,True,0
11,11,6236,G,G,,False,True,0
12,12,6237,G,G,,False,True,0
13,13,6238,G,G,,False,True,0
14,14,6239,G,G,,False,True,0
15,15,6239a,A,A,,False,True,0
16,16,6239b,T,T,,False,True,0
17,17,6239c,A,A,,False,True,0
18,18,6239d,C,C,,False,True,0
19,19,6239e,A,T,,False,True,0
20,20,6239f,G,G,,False,True,0
21,21,6239g,A,A,,False,True,0
22,22,6239h,G,G,,False,True,0
23,23,6239i,G,G,,False,True,0
24,24,6240,A,A,,False,True,0
25,25,6241,A,A,,False,True,0
26,26,6242,T,T,,False,True,0
27,27,6243,T,T,,False,True,0
28,28,6244,G,G,,False,True,0
29,29,6245,G,T,,False,True,0
30,30,6246,C,C,,False,True,0
31,31,6247,C,A,,False,True,0
32,32,6248,A,A,,False,True,0
33,33,6249,C,C,,False,True,0
34,34,6250,A,A,,False,True,0
35,35,6251,C,A,,False,True,0
36,36,6252,T,T,,False,True,0
37,37,6253,G,G,,False,True,0
38,38,6254,G,G,,False,True,0
39,39,6255,T,T,,False,True,0
40,40,6256,G,G,,False,True,0
41,41,6257,G,G,,False,True,0
42,NA,6258,-,-,,False,False,0
43,NA,6259,-,-,,False,False,0
44,NA,6260,-,-,,False,False,0
45,NA,6261,-,-,,False,False,0
46,NA,6262,-,-,,False,False,0
47,NA,6263,-,-,,False,False,0
48,NA,6264,-,-,,False,False,0
49,NA,6265,-,-,,False,False,0
50,NA,6266,-,-,,False,False,0
51,NA,6267,-,-,,False,False,0
52,NA,6268,-,-,,False,False,0
53,NA,6269,-,-,,False,False,0
54,42,6270,A,A,,False,True,0
55,43,6271,T,T,,False,True,0
56,44,6272,A,A,,False,True,0
57,45,6273,T,T,,False,True,0
58,46,6274,G,G,,False,True,0
59,47,6275,G,G,,False,True,0
60,48,6276,G,G,,False,True,0
61,49,6277,G,G,,False,True,0
62,50,6278,A,C,,False,True,0
63,51,6279,A,A,,False,True,0
64,52,6280,T,T,,False,True,0
65,53,6281,C,C,,False,True,0
66,54,6282,T,T,,False,True,0
67,55,6283,T,T,,False,True,0
68,56,6284,A,A,,False,True,0
69,57,6285,G,G,,False,True,0
70,58,6286,G,G,,False,True,0
71,59,6287,C,C,,False,True,0
72,60,6288,T,T,,False,True,0
73,61,6289,T,T,,False,True,0
74,62,6290,T,T,,False,True,0
75,63,6291,T,T,,False,True,0
76,64,6292,G,G,,False,True,0
77,65,6293,G,G,,False,True,0
78,NA,6294,A,A,,False,False,0
79,NA,6295,T,T,,False,False,0
80,NA,6296,G,G,,False,False,0
81,66,6297,C,T,,False,False,0
82,NA,6298,T,T,,False,False,0
83,NA,6299,A,A,,False,False,0
84,NA,6300,A,A,,False,False,0
85,NA,6301,T,T,,False,False,0
86,67,6302,A,G,,False,False,0
87,NA,6303,A,A,,False,False,0
88,NA,6304,T,T,,False,False,0
89,NA,6305,T,T,,False,False,0
90,NA,6306,T,T,,False,False,0
91,NA,6307,G,G,,False,False,0
92,NA,6308,T,T,,False,False,0
93,68,6309,A,A,,False,False,0
94,69,6310,A,A,,False,False,0
95,70,6311,T,T,,False,False,0
96,71,6312,G,G,,False,False,0
97,72,6313,G,T,,False,False,0
98,73,6314,A,G,,False,False,0
99,NA,6315,-,G,,False,False,0
100,NA,6316,-,T,,False,False,0
101,NA,6317,-,G,,False,False,0
102,74,6318,A,G,,True,False,0
103,75,6319,A,G,,True,False,0
104,76,6320,G,G,,True,False,0
105,77,6321,G,A,,True,False,0
106,78,6322,A,A,,True,False,0
107,79,6323,G,C,,True,False,0
108,NA,6324,T,T,,False,False,0
109,80,6325,C,T,,False,False,0
110,NA,6326,G,G,,False,False,0
111,NA,6327,T,T,,False,False,0
112,NA,6328,G,G,,False,False,0
113,NA,6329,G,G,,False,False,0
114,NA,6330,G,G,,False,False,0
115,NA,6331,T,T,,False,False,0
116,81,6332,C,C,,False,False,0
117,NA,6333,A,A,,False,False,0
118,NA,6334,C,C,,False,False,0
119,NA,6335,A,A,,False,False,0
120,NA,6336,G,G,,False,False,0
121,NA,6337,T,T,,False,False,0
122,82,6338,C,C,,False,False,0
123,NA,6339,T,T,,False,False,0
124,NA,6340,A,A,,False,False,0
125,NA,6341,C,T,,False,False,0
126,NA,6342,T,T,,False,False,0
127,NA,6343,A,A,,False,False,0
128,83,6344,T,T,,False,False,0
129,NA,6345,G,G,,False,False,0
130,NA,6346,G,G,,False,False,0
131,NA,6347,G,G,,False,False,0
132,NA,6348,G,G,,False,False,0
133,NA,6349,T,T,,False,False,0
134,NA,6350,A,A,,False,False,0
135,NA,6351,C,C,,False,False,0
136,NA,6352,C,C,,False,False,0
137,NA,6353,T,T,,False,False,0
138,NA,6354,G,G,,False,False,0
139,NA,6355,T,T,,False,False,0
140,NA,6356,G,G,,False,False,0
141,NA,6357,T,T,,False,False,0
142,NA,6358,G,G,,False,False,0
143,NA,6359,G,G,,False,False,0
144,NA,6360,A,A,,False,False,0
145,84,6361,G,A,,False,False,0
146,85,6362,G,A,,False,False,0
147,NA,6363,G,G,,True,False,0
148,NA,6364,A,A,,True,False,0
149,NA,6365,A,A,,True,False,0
150,NA,6366,G,G,,True,False,0
151,NA,6367,C,C,,True,False,0
152,NA,6368,A,A,,True,False,0
153,NA,6369,A,A,,True,False,0
154,86,6370,A,A,,True,False,0
155,NA,6371,A,A,,True,False,0
156,NA,6372,A,A,,False,False,0
157,NA,6373,C,C,,False,False,0
158,NA,6374,T,T,,False,False,0
159,NA,6375,A,A,,False,False,0
160,NA,6376,C,C,,False,False,0
161,NA,6377,T,T,,False,False,0
162,NA,6378,C,C,,False,False,0
163,NA,6379,T,T,,False,False,0
164,NA,6380,A,A,,False,False,0
165,NA,6381,T,T,,False,False,0
166,NA,6382,T,T,,False,False,0
167,87,6383,C,C,,False,False,0
168,NA,6384,T,T,,False,False,0
169,NA,6385,G,G,,False,False,0
170,NA,6386,T,T,,False,False,0
171,NA,6387,G,G,,False,False,0
172,NA,6388,C,C,,False,False,0
173,88,6389,A,A,,False,False,0
174,NA,6390,T,T,,True,False,0
175,NA,6391,C,C,,True,False,0
176,NA,6392,A,A,,True,False,0
177,NA,6393,G,G,,True,False,0
178,NA,6394,A,A,,True,False,0
179,89,6395,T,T,,True,False,0
180,NA,6396,G,G,,True,False,0
181,NA,6397,C,C,,True,False,0
182,90,6398,T,T,,True,False,0
183,NA,6399,A,A,,True,False,0
184,NA,6400,A,A,,True,False,0
185,NA,6401,A,A,,True,False,0
186,91,6402,G,G,,True,False,0
187,NA,6403,C,C,,True,False,0
188,NA,6404,A,A,,True,False,0
189,NA,6405,T,T,,True,False,0
190,NA,6406,A,A,,True,False,0
191,92,6407,T,T,,True,False,0
192,NA,6408,G,G,,True,False,0
193,NA,6409,A,A,,True,False,0
194,NA,6410,G,G,,True,False,0
195,NA,6411,A,A,,True,False,0
196,NA,6412,A,A,,True,False,0
197,NA,6413,A,A,,True,False,0
198,NA,6414,G,G,,True,False,0
199,NA,6415,A,A,,True,False,0
200,93,6416,A,A,,True,False,0
201,NA,6417,G,G,,True,False,0
202,NA,6418,T,T,,True,False,0
203,94,6419,A,G,,True,False,0
204,NA,6420,C,C,,True,False,0
205,NA,6421,A,A,,True,False,0
206,NA,6422,T,T,,True,False,0
207,NA,6423,A,A,,True,False,0
208,NA,6424,A,A,,True,False,0
209,NA,6425,T,T,,True,False,0
210,NA,6426,G,G,,False,False,0
211,NA,6427,T,T,,False,False,0
212,NA,6428,C,C,,False,False,0
213,NA,6429,T,T,,True,False,0
214,NA,6430,G,G,,True,False,0
215,NA,6431,G,G,,True,False,0
216,NA,6432,G,G,,False,False,0
217,NA,6433,C,C,,False,False,0
218,NA,6434,T,T,,False,False,0
219,NA,6435,A,A,,False,False,0
220,NA,6436,C,C,,False,False,0
221,NA,6437,A,A,,False,False,0
222,NA,6438,C,C,,True,False,0
223,NA,6439,A,A,,True,False,0
224,NA,6440,T,T,,True,False,0
225,NA,6441,G,G,,False,False,0
226,NA,6442,C,C,,False,False,0
227,95,6443,T,C,,False,False,0
228,NA,6444,T,T,,False,False,0
229,NA,6445,G,G,,False,False,0
230,96,6446,C,T,,False,False,0
231,NA,6447,G,G,,True,False,0
232,NA,6448,T,T,,True,False,0
233,NA,6449,A,A,,True,False,0
234,NA,6450,C,C,,True,False,0
235,NA,6451,C,C,,True,False,0
236,NA,6452,C,C,,True,False,0
237,NA,6453,A,A,,True,False,0
238,NA,6454,C,C,,True,False,0
239,NA,6455,A,A,,True,False,0
240,NA,6456,G,G,,True,False,0
241,NA,6457,A,A,,True,False,0
242,NA,6458,C,C,,True,False,0
243,NA,6459,C,C,,True,False,0
244,NA,6460,C,C,,True,False,0
245,NA,6461,C,C,,True,False,0
246,NA,6462,A,A,,True,False,0
247,NA,6463,A,A,,True,False,0
248,NA,6464,C,C,,True,False,0
249,NA,6465,C,C,,True,False,0
250,NA,6466,C,C,,True,False,0
251,97,6467,A,A,,True,False,0
252,NA,6468,C,C,,True,False,0
253,NA,6469,A,A,,True,False,0
254,NA,6470,A,A,,True,False,0
255,NA,6471,G,G,,True,False,0
256,NA,6472,A,A,,True,False,0
257,NA,6473,A,A,,True,False,0
258,98,6474,A,A,,False,False,0
259,NA,6475,T,T,,False,False,0
260,NA,6476,G,A,,False,False,0
261,NA,6477,G,G,,True,False,0
262,NA,6478,T,T,,True,False,0
263,NA,6479,T,T,,True,False,0
264,NA,6480,T,T,,False,False,0
265,NA,6481,T,T,,False,False,0
266,NA,6482,G,G,,False,False,0
267,99,6483,G,G,,True,False,0
268,NA,6484,A,A,,True,False,0
269,NA,6485,A,A,,True,False,0
270,NA,6486,A,A,,False,False,0
271,NA,6487,A,A,,False,False,0
272,NA,6488,T,T,,False,False,0
273,NA,6489,G,G,,False,False,0
274,NA,6490,T,T,,False,False,0
275,100,6491,A,A,,False,False,0
276,NA,6492,A,A,,True,False,0
277,NA,6493,C,C,,True,False,0
278,NA,6494,A,A,,True,False,0
279,NA,6495,G,G,,True,False,0
280,NA,6496,A,A,,True,False,0
281,NA,6497,A,A,,True,False,0
282,NA,6498,A,A,,True,False,0
283,NA,6499,A,A,,True,False,0
284,NA,6500,T,T,,True,False,0
285,NA,6501,T,T,,False,False,0
286,NA,6502,T,T,,False,False,0
287,NA,6503,T,T,,False,False,0
288,NA,6504,A,A,,True,False,0
289,NA,6505,A,A,,True,False,0
290,NA,6506,C,C,,True,False,0
291,NA,6507,A,A,,False,False,0
292,NA,6508,T,T,,False,False,0
293,NA,6509,G,G,,False,False,0
294,NA,6510,T,T,,True,False,0
295,NA,6511,G,G,,True,False,0
296,NA,6512,G,G,,True,False,0
297,101,6513,A,A,,True,False,0
298,NA,6514,A,A,,True,False,0
299,NA,6515,A,A,,True,False,0
300,NA,6516,A,A,,True,False,0
301,NA,6517,A,A,,True,False,0
302,NA,6518,T,T,,True,False,0
303,NA,6519,G,G,,True,False,0
304,NA,6520,A,A,,True,False,0
305,102,6521,C,C,,True,False,0
306,NA,6522,A,A,,False,False,0
307,NA,6523,T,T,,False,False,0
308,NA,6524,G,G,,False,False,0
309,NA,6525,G,G,,False,False,0
310,NA,6526,T,T,,False,False,0
311,103,6527,G,G,,False,False,0
312,104,6528,G,G,,True,False,0
313,NA,6529,A,A,,True,False,0
314,NA,6530,T,T,,True,False,0
315,NA,6531,C,C,,False,False,0
316,NA,6532,A,A,,False,False,0
317,105,6533,G,G,,False,False,0
318,NA,6534,A,A,,False,False,0
319,NA,6535,T,T,,False,False,0
320,NA,6536,G,G,,False,False,0
321,NA,6537,C,C,,False,False,0
322,NA,6538,A,A,,False,False,0
323,NA,6539,T,T,,False,False,0
324,NA,6540,G,G,,True,False,0
325,NA,6541,A,A,,True,False,0
326,106,6542,G,G,,True,False,0
327,NA,6543,G,G,,False,False,0
328,NA,6544,A,A,,False,False,0
329,NA,6545,T,T,,False,False,0
330,NA,6546,A,A,,False,False,0
331,NA,6547,T,T,,False,False,0
332,NA,6548,A,A,,False,False,0
333,NA,6549,A,A,,True,False,0
334,NA,6550,T,T,,True,False,0
335,NA,6551,C,C,,True,False,0
336,NA,6552,A,A,,True,False,0
337,NA,6553,G,G,,True,False,0
338,107,6554,T,T,,True,False,0
339,108,6555,C,T,,False,False,0
340,NA,6556,T,T,,False,False,0
341,NA,6557,A,A,,False,False,0
342,NA,6558,T,T,,True,False,0
343,NA,6559,G,G,,True,False,0
344,NA,6560,G,G,,True,False,0
345,NA,6561,G,G,,True,False,0
346,NA,6562,A,A,,True,False,0
347,NA,6563,T,T,,True,False,0
348,NA,6564,C,C,,False,False,0
349,NA,6565,A,A,,False,False,0
350,NA,6566,A,A,,False,False,0
351,NA,6567,A,A,,True,False,0
352,NA,6568,G,G,,True,False,0
353,NA,6569,C,C,,True,False,0
354,NA,6570,C,C,,True,False,0
355,NA,6571,T,T,,True,False,0
356,NA,6572,C,A,,True,False,0
357,NA,6573,A,A,,True,False,0
358,NA,6574,A,A,,True,False,0
359,109,6575,A,G,,True,False,0
360,NA,6576,C,C,,True,False,0
361,NA,6577,C,C,,True,False,0
362,NA,6578,A,A,,True,False,0
363,NA,6579,T,T,,True,False,0
364,NA,6580,G,G,,True,False,0
365,NA,6581,T,T,,True,False,0
366,NA,6582,G,G,,True,False,0
367,NA,6583,T,T,,True,False,0
368,NA,6584,A,A,,True,False,0
369,NA,6585,A,A,,True,False,0
370,NA,6586,A,A,,True,False,0
371,110,6587,A,G,,True,False,0
372,111,6588,T,T,,False,False,0
373,NA,6589,T,T,,False,False,0
374,112,6590,A,G,,False,False,0
375,NA,6591,A,A,,True,False,0
376,NA,6592,C,C,,True,False,0
377,NA,6593,C,C,,True,False,0
378,NA,6594,C,C,,False,False,0
379,NA,6595,C,C,,False,False,0
380,113,6596,A,A,,False,False,0
381,NA,6597,C,C,,False,False,0
382,NA,6598,T,T,,False,False,0
383,NA,6599,C,C,,False,False,0
384,NA,6600,T,T,,False,False,0
385,NA,6601,G,G,,False,False,0
386,NA,6602,T,T,,False,False,0
387,114,6603,G,G,,False,False,0
388,NA,6604,T,T,,False,False,0
389,NA,6605,C,C,,False,False,0
390,NA,6606,A,A,,False,False,0
391,NA,6607,C,C,,False,False,0
392,115,6608,T,T,,False,False,0
393,116,6609,C,T,,False,False,0
394,NA,6610,T,T,,False,False,0
395,NA,6611,A,A,,False,False,0
396,NA,6612,A,A,,True,False,0
397,NA,6613,A,A,,True,False,0
398,117,6614,T,C,,True,False,0
399,NA,6615,T,T,,False,False,0
400,NA,6616,G,G,,False,False,0
401,NA,6617,T,T,,False,False,0
402,118,6618,A,A,,True,False,0
403,119,6619,C,C,,True,False,0
404,120,6620,A,A,,True,False,0
405,121,6621,A,A,,True,False,0
406,122,6622,C,A,,True,False,0
407,NA,6623,T,T,,True,False,0
408,123,6624,G,G,,True,False,0
409,124,6625,C,T,,True,False,0
410,125,6626,A,T,,True,False,0
411,126,6627,A,A,,True,False,0
412,NA,6628,A,A,,True,False,0
413,127,6629,G,T,,True,False,0
414,128,6630,G,A,,True,False,0
415,129,6631,G,T,,True,False,0
416,130,6632,T,T,,True,False,0
417,131,6633,A,A,,True,False,0
418,132,6634,T,C,,True,False,0
419,133,6635,T,T,,True,False,0
420,134,6636,A,A,,True,False,0
421,135,6637,A,A,,True,False,0
422,136,6638,T,T,,True,False,0
423,137,6639,A,A,,True,False,0
424,138,6640,G,A,,True,False,0
425,139,6641,T,T,,True,False,0
426,140,6642,A,A,,True,False,0
427,141,6643,C,A,,True,False,0
428,142,6644,T,T,,True,False,0
429,143,6645,G,A,,True,False,0
430,144,6646,A,T,,True,False,0
431,145,6647,C,-,,True,False,0
432,146,6648,A,-,,True,False,0
433,147,6649,A,-,,True,False,0
434,148,6650,T,-,,True,False,0
435,149,6650a,-,-,,True,False,0
436,150,6650b,-,-,,True,False,0
437,151,6650c,-,-,,True,False,0
438,152,6651,-,-,,True,False,0
439,153,6652,-,-,,True,False,0
440,154,6653,-,-,,True,False,0
441,155,6654,G,-,,True,False,0
442,156,6655,C,-,,True,False,0
443,157,6656,A,-,,True,False,0
444,158,6657,A,A,,True,False,0
445,159,6658,A,A,,True,False,0
446,160,6659,T,C,,True,False,0
447,161,6660,G,A,,True,False,0
448,162,6661,C,A,,True,False,0
449,163,6662,T,C,,True,False,0
450,164,6663,A,A,,True,False,0
451,165,6664,C,A,,True,False,0
452,166,6665,T,T,,True,False,0
453,167,6666,A,A,,True,False,0
454,168,6667,A,A,,True,False,0
455,169,6668,A,T,,True,False,0
456,170,6669,A,A,,True,False,0
457,171,6670,A,A,,True,False,0
458,172,6671,A,C,,True,False,0
459,173,6672,C,A,,True,False,0
460,174,6673,C,T,,True,False,0
461,175,6674,A,G,,True,False,0
462,176,6675,A,A,,True,False,0
463,177,6676,A,A,,True,False,0
464,178,6677,T,T,,True,False,0
465,NA,6678,G,G,,True,False,0
466,NA,6679,A,G,,True,False,0
467,NA,6680,A,A,,True,False,0
468,NA,6681,G,G,,True,False,0
469,NA,6682,A,A,,True,False,0
470,NA,6683,A,A,,True,False,0
471,NA,6684,A,A,,True,False,0
472,179,6685,T,T,,True,False,0
473,NA,6686,A,A,,True,False,0
474,NA,6687,A,A,,True,False,0
475,NA,6688,A,A,,True,False,0
476,NA,6689,A,A,,True,False,0
477,NA,6690,A,A,,True,False,0
478,NA,6691,A,A,,True,False,0
479,NA,6692,T,T,,True,False,0
480,NA,6693,T,T,,False,False,0
481,NA,6694,G,G,,False,False,0
482,NA,6695,C,C,,False,False,0
483,NA,6696,T,T,,True,False,0
484,NA,6697,C,C,,True,False,0
485,NA,6698,T,T,,True,False,0
486,NA,6699,T,T,,False,False,0
487,NA,6700,T,T,,False,False,0
488,NA,6701,C,C,,False,False,0
489,180,6702,A,A,,True,False,0
490,181,6703,A,A,,True,False,0
491,NA,6704,T,T,,True,False,0
492,182,6705,A,A,,False,False,0
493,183,6706,C,T,,False,False,0
494,184,6707,A,A,,False,False,0
495,NA,6708,A,A,,False,False,0
496,185,6709,T,C,,False,False,0
497,186,6710,C,C,,False,False,0
498,187,6711,A,A,,True,False,0
499,NA,6712,C,C,,True,False,0
500,NA,6713,A,A,,True,False,0
501,NA,6714,G,G,,False,False,0
502,NA,6715,A,A,,False,False,0
503,188,6716,G,A,,False,False,0
504,189,6717,G,A,,False,False,0
505,NA,6718,T,T,,False,False,0
506,NA,6719,A,A,,False,False,0
507,NA,6720,A,A,,False,False,0
508,190,6721,G,G,,False,False,0
509,NA,6722,A,A,,False,False,0
510,NA,6723,G,G,,False,False,0
511,NA,6724,A,A,,False,False,0
512,NA,6725,T,T,,False,False,0
513,NA,6726,A,A,,True,False,0
514,NA,6727,A,A,,True,False,0
515,191,6728,G,G,,True,False,0
516,192,6729,C,A,,True,False,0
517,193,6730,A,A,,True,False,0
518,194,6731,A,A,,True,False,0
519,NA,6732,A,C,,True,False,0
520,195,6733,A,A,,True,False,0
521,NA,6734,G,G,,True,False,0
522,196,6735,A,A,,True,False,0
523,197,6736,A,A,,True,False,0
524,198,6737,A,A,,True,False,0
525,199,6738,G,G,,True,False,0
526,NA,6739,A,T,,True,False,0
527,200,6740,A,G,,True,False,0
528,NA,6741,T,T,,True,False,0
529,NA,6742,A,A,,True,False,0
530,NA,6743,T,T,,True,False,0
531,NA,6744,G,G,,False,False,0
532,NA,6745,C,C,,False,False,0
533,NA,6746,A,A,,False,False,0
534,NA,6747,C,C,,True,False,0
535,NA,6748,T,T,,True,False,0
536,NA,6749,C,T,,True,False,0
537,201,6750,T,T,,False,False,0
538,NA,6751,T,T,,False,False,0
539,NA,6752,T,T,,False,False,0
540,NA,6753,T,T,,True,False,0
541,NA,6754,A,A,,True,False,0
542,NA,6755,T,T,,True,False,0
543,NA,6756,A,A,,True,False,0
544,NA,6757,G,G,,True,False,0
545,NA,6758,A,A,,True,False,0
546,NA,6759,C,C,,True,False,0
547,NA,6760,T,T,,True,False,0
548,NA,6761,T,T,,True,False,0
549,NA,6762,G,G,,False,False,0
550,NA,6763,A,A,,False,False,0
551,NA,6764,T,T,,False,False,0
552,202,6765,C,A,,False,False,0
553,NA,6766,T,T,,False,False,0
554,NA,6767,A,A,,False,False,0
555,NA,6768,G,G,,True,False,0
556,NA,6769,T,T,,True,False,0
557,NA,6770,A,A,,True,False,0
558,203,6771,T,C,,True,False,0
559,NA,6772,C,C,,True,False,0
560,204,6773,A,A,,True,False,0
561,NA,6774,C,C,,True,False,0
562,NA,6775,T,T,,True,False,0
563,NA,6776,T,T,,True,False,0
564,205,6777,A,A,,True,False,0
565,206,6778,A,A,,True,False,0
566,NA,6779,T,T,,True,False,0
567,207,6780,G,G,,True,False,0
568,208,6781,A,A,,True,False,0
569,NA,6782,G,G,,True,False,0
570,209,6782a,G,-,,True,False,0
571,210,6782b,G,-,,True,False,0
572,211,6782c,G,-,,True,False,0
573,212,6782d,G,-,,True,False,0
574,213,6782e,A,-,,True,False,0
575,214,6782f,C,-,,True,False,0
576,215,6782g,T,-,,True,False,0
577,216,6782h,C,-,,True,False,0
578,217,6782i,T,-,,True,False,0
579,218,6782j,G,-,,True,False,0
580,219,6782k,A,-,,True,False,0
581,220,6782l,A,-,,True,False,0
582,221,6782m,G,-,,True,False,0
583,222,6782n,G,-,,True,False,0
584,223,6782o,G,-,,True,False,0
585,224,6782p,A,-,,True,False,0
586,225,6782q,A,-,,True,False,0
587,226,6782r,C,-,,True,False,0
588,227,6782s,T,-,,True,False,0
589,228,6782t,C,-,,True,False,0
590,229,6782u,T,-,,True,False,0
591,230,6782v,A,-,,True,False,0
592,231,6782w,G,-,,True,False,0
593,232,6782x,C,-,,True,False,0
594,233,6782y,A,-,,True,False,0
595,234,6782z,G,-,,True,False,0
596,235,6782A,A,-,,True,False,0
597,236,6782B,T,-,,True,False,0
598,237,6782C,C,-,,True,False,0
599,238,6782D,T,-,,True,False,0
600,239,6782E,G,A,,True,False,0
601,240,6782F,G,A,,True,False,0
602,241,6782G,C,A,,True,False,0
603,NA,6783,A,A,,True,False,0
604,NA,6784,A,A,,True,False,0
605,242,6785,C,C,,True,False,0
606,243,6786,T,T,,True,False,0
607,244,6787,T,C,,True,False,0
608,245,6788,T,T,,True,False,0
609,NA,6789,A,A,,True,False,0
610,NA,6790,G,G,,True,False,0
611,246,6791,T,T,,True,False,0
612,247,6792,A,G,,True,False,0
613,248,6793,C,A,,True,False,0
614,249,6794,G,G,,True,False,0
615,NA,6795,T,T,,True,False,0
616,NA,6796,A,A,,True,False,0
617,NA,6797,T,T,,True,False,0
618,NA,6798,A,A,,False,False,0
619,NA,6799,G,G,,False,False,0
620,NA,6800,A,A,,False,False,0
621,NA,6801,T,T,,False,False,0
622,NA,6802,T,T,,False,False,0
623,NA,6803,A,A,,False,False,0
624,NA,6804,A,A,,True,False,0
625,250,6805,T,T,,True,False,0
626,NA,6806,A,A,,True,False,0
627,NA,6807,A,A,,False,False,0
628,NA,6808,A,A,,False,False,0
629,NA,6809,C,T,,False,False,0
630,NA,6810,T,T,,False,False,0
631,NA,6811,G,G,,False,False,0
632,NA,6812,T,T,,False,False,0
633,NA,6813,A,A,,False,False,0
634,NA,6814,A,A,,False,False,0
635,251,6815,T,T,,False,False,0
636,NA,6816,A,A,,True,False,0
637,NA,6817,C,C,,True,False,0
638,252,6818,C,C,,True,False,0
639,NA,6819,T,T,,False,False,0
640,NA,6820,C,C,,False,False,0
641,NA,6821,A,A,,False,False,0
642,253,6822,A,A,,False,False,0
643,254,6823,C,C,,False,False,0
644,NA,6824,C,C,,False,False,0
645,NA,6825,A,A,,False,False,0
646,NA,6826,T,T,,False,False,0
647,NA,6827,A,A,,False,False,0
648,NA,6828,A,A,,False,False,0
649,NA,6829,C,C,,False,False,0
650,NA,6830,A,A,,False,False,0
651,NA,6831,C,C,,False,False,0
652,NA,6832,A,A,,False,False,0
653,NA,6833,A,A,,False,False,0
654,255,6834,G,G,,False,False,0
655,NA,6835,C,C,,False,False,0
656,NA,6836,C,C,,False,False,0
657,NA,6837,T,T,,True,False,0
658,NA,6838,G,G,,True,False,0
659,NA,6839,T,T,,True,False,0
660,256,6840,C,C,,True,False,0
661,NA,6841,C,C,,True,False,0
662,NA,6842,A,A,,True,False,0
663,NA,6843,A,A,,True,False,0
664,NA,6844,A,A,,True,False,0
665,NA,6845,G,G,,True,False,0
666,NA,6846,G,G,,True,False,0
667,NA,6847,T,T,,True,False,0
668,NA,6848,C,C,,True,False,0
669,257,6849,T,T,,True,False,0
670,258,6850,C,C,,True,False,0
671,NA,6851,T,T,,True,False,0
672,NA,6852,T,T,,True,False,0
673,NA,6853,T,T,,True,False,0
674,NA,6854,T,T,,True,False,0
675,259,6855,G,G,,True,False,0
676,NA,6856,A,A,,True,False,0
677,260,6857,C,C,,True,False,0
678,NA,6858,C,C,,True,False,0
679,NA,6859,C,C,,True,False,0
680,NA,6860,A,A,,True,False,0
681,NA,6861,A,A,,False,False,0
682,NA,6862,T,T,,False,False,0
683,NA,6863,T,T,,False,False,0
684,261,6864,C,C,,True,False,0
685,NA,6865,C,C,,True,False,0
686,NA,6866,T,T,,True,False,0
687,262,6867,A,A,,False,False,0
688,NA,6868,T,T,,False,False,0
689,263,6869,C,A,,False,False,0
690,NA,6870,C,C,,True,False,0
691,NA,6871,A,A,,True,False,0
692,264,6872,C,T,,True,False,0
693,NA,6873,T,T,,True,False,0
694,NA,6874,A,A,,True,False,0
695,NA,6875,T,T,,True,False,0
696,NA,6876,T,T,,False,False,0
697,NA,6877,G,G,,False,False,0
698,NA,6878,T,T,,False,False,0
699,NA,6879,G,G,,False,False,0
700,265,6880,T,C,,False,False,0
701,NA,6881,T,T,,False,False,0
702,NA,6882,C,C,,False,False,0
703,NA,6883,C,C,,False,False,0
704,NA,6884,A,A,,False,False,0
705,NA,6885,G,G,,False,False,0
706,NA,6886,C,C,,False,False,0
707,NA,6887,T,T,,False,False,0
708,NA,6888,G,G,,False,False,0
709,NA,6889,G,G,,False,False,0
710,NA,6890,T,T,,False,False,0
711,NA,6891,T,T,,False,False,0
712,NA,6892,A,A,,False,False,0
713,NA,6893,T,T,,False,False,0
714,NA,6894,G,G,,False,False,0
715,NA,6895,C,C,,False,False,0
716,NA,6896,G,G,,False,False,0
717,NA,6897,A,A,,False,False,0
718,NA,6898,T,T,,False,False,0
719,NA,6899,T,T,,False,False,0
720,NA,6900,C,C,,False,False,0
721,NA,6901,T,T,,False,False,0
722,266,6902,A,A,,False,False,0
723,NA,6903,A,A,,True,False,0
724,NA,6904,A,A,,True,False,0
725,NA,6905,G,G,,True,False,0
726,NA,6906,T,T,,False,False,0
727,NA,6907,G,G,,False,False,0
728,267,6908,T,T,,False,False,0
729,NA,6909,A,A,,True,False,0
730,NA,6910,A,A,,True,False,0
731,NA,6911,T,T,,True,False,0
732,268,6912,G,A,,True,False,0
733,NA,6913,A,A,,True,False,0
734,269,6914,T,T,,True,False,0
735,270,6915,G,A,,True,False,0
736,NA,6916,A,A,,True,False,0
737,NA,6917,G,G,,True,False,0
738,271,6918,A,A,,True,False,0
739,NA,6919,C,C,,True,False,0
740,NA,6920,A,A,,True,False,0
741,NA,6921,T,T,,False,False,0
742,NA,6922,T,T,,False,False,0
743,NA,6923,C,C,,False,False,0
744,NA,6924,A,A,,True,False,0
745,NA,6925,A,A,,True,False,0
746,NA,6926,T,T,,True,False,0
747,NA,6927,G,G,,False,False,0
748,NA,6928,G,G,,False,False,0
749,NA,6929,C,G,,False,False,0
750,NA,6930,A,A,,True,False,0
751,NA,6931,C,C,,True,False,0
752,NA,6932,A,A,,True,False,0
753,NA,6933,G,G,,True,False,0
754,NA,6934,G,G,,True,False,0
755,NA,6935,A,A,,True,False,0
756,NA,6936,C,C,,True,False,0
757,NA,6937,C,C,,True,False,0
758,NA,6938,A,A,,True,False,0
759,NA,6939,T,T,,False,False,0
760,NA,6940,G,G,,False,False,0
761,NA,6941,C,C,,False,False,0
762,NA,6942,A,A,,True,False,0
763,272,6943,A,A,,True,False,0
764,NA,6944,T,T,,True,False,0
765,NA,6945,A,A,,True,False,0
766,NA,6946,A,A,,True,False,0
767,NA,6947,T,T,,True,False,0
768,NA,6948,G,G,,False,False,0
769,NA,6949,T,T,,False,False,0
770,NA,6950,C,C,,False,False,0
771,NA,6951,A,A,,False,False,0
772,NA,6952,G,G,,False,False,0
773,NA,6953,C,C,,False,False,0
774,NA,6954,A,A,,False,False,0
775,NA,6955,C,C,,False,False,0
776,NA,6956,A,A,,False,False,0
777,273,6957,G,G,,True,False,0
778,NA,6958,T,T,,True,False,0
779,NA,6959,A,A,,True,False,0
780,NA,6960,C,C,,True,False,0
781,NA,6961,A,A,,True,False,0
782,NA,6962,A,A,,True,False,0
783,NA,6963,T,T,,True,False,0
784,NA,6964,G,G,,True,False,0
785,NA,6965,T,T,,True,False,0
786,NA,6966,A,A,,False,False,0
787,NA,6967,C,C,,False,False,0
788,NA,6968,A,A,,False,False,0
789,NA,6969,C,C,,True,False,0
790,NA,6970,A,A,,True,False,0
791,NA,6971,T,T,,True,False,0
792,NA,6972,G,G,,True,False,0
793,NA,6973,G,G,,True,False,0
794,NA,6974,A,A,,True,False,0
795,NA,6975,A,A,,False,False,0
796,NA,6976,T,T,,False,False,0
797,NA,6977,T,T,,False,False,0
798,NA,6978,A,A,,True,False,0
799,NA,6979,A,A,,True,False,0
800,274,6980,G,G,,True,False,0
801,NA,6981,C,C,,False,False,0
802,NA,6982,C,C,,False,False,0
803,NA,6983,A,A,,False,False,0
804,NA,6984,G,G,,True,False,0
805,NA,6985,T,T,,True,False,0
806,275,6986,G,G,,True,False,0
807,NA,6987,G,G,,True,False,0
808,NA,6988,T,T,,True,False,0
809,276,6989,T,A,,True,False,0
810,NA,6990,T,T,,False,False,0
811,NA,6991,C,C,,False,False,0
812,NA,6992,A,A,,False,False,0
813,NA,6993,A,A,,True,False,0
814,NA,6994,C,C,,True,False,0
815,277,6995,T,T,,True,False,0
816,NA,6996,C,C,,False,False,0
817,NA,6997,A,A,,False,False,0
818,NA,6998,A,A,,False,False,0
819,278,6999,T,C,,False,False,0
820,NA,7000,T,T,,False,False,0
821,NA,7001,A,A,,False,False,0
822,NA,7002,T,C,,False,False,0
823,NA,7003,T,T,,False,False,0
824,NA,7004,G,G,,False,False,0
825,NA,7005,T,T,,False,False,0
826,NA,7006,T,T,,False,False,0
827,NA,7007,A,A,,False,False,0
828,NA,7008,A,A,,True,False,0
829,NA,7009,A,A,,True,False,0
830,NA,7010,T,T,,True,False,0
831,NA,7011,G,G,,True,False,0
832,NA,7012,G,G,,True,False,0
833,NA,7013,T,T,,True,False,0
834,NA,7014,A,A,,True,False,0
835,NA,7015,G,G,,True,False,0
836,NA,7016,C,C,,True,False,0
837,NA,7017,C,C,,True,False,0
838,NA,7018,T,T,,True,False,0
839,NA,7019,A,A,,True,False,0
840,NA,7020,G,G,,True,False,0
841,NA,7021,C,C,,True,False,0
842,NA,7022,A,A,,True,False,0
843,NA,7023,G,G,,True,False,0
844,NA,7024,A,A,,True,False,0
845,279,7025,G,A,,True,False,0
846,280,7026,A,G,,True,False,0
847,NA,7027,A,A,,True,False,0
848,NA,7028,A,A,,True,False,0
849,NA,7029,G,G,,True,False,0
850,281,7030,A,A,,True,False,0
851,282,7031,G,G,,True,False,0
852,NA,7032,A,A,,True,False,0
853,NA,7033,T,T,,True,False,0
854,283,7034,A,A,,True,False,0
855,NA,7035,A,A,,True,False,0
856,NA,7036,T,T,,True,False,0
857,NA,7037,A,A,,True,False,0
858,NA,7038,A,A,,True,False,0
859,NA,7039,T,T,,True,False,0
860,284,7040,T,T,,True,False,0
861,NA,7041,A,A,,False,False,0
862,NA,7042,G,G,,False,False,0
863,285,7043,G,A,,False,False,0
864,NA,7044,T,T,,True,False,0
865,NA,7045,C,C,,True,False,0
866,286,7046,T,T,,True,False,0
867,NA,7047,G,G,,True,False,0
868,NA,7048,A,A,,True,False,0
869,287,7049,G,A,,True,False,0
870,NA,7050,A,A,,True,False,0
871,NA,7051,A,A,,True,False,0
872,288,7052,T,T,,True,False,0
873,289,7053,C,C,,True,False,0
874,NA,7054,T,T,,True,False,0
875,NA,7055,G,G,,True,False,0
876,NA,7056,A,A,,True,False,0
877,NA,7057,C,C,,True,False,0
878,NA,7058,A,A,,True,False,0
879,NA,7059,G,A,,True,False,0
880,NA,7060,A,A,,True,False,0
881,NA,7061,C,C,,True,False,0
882,NA,7062,A,A,,True,False,0
883,NA,7063,A,A,,True,False,0
884,NA,7064,T,T,,True,False,0
885,NA,7065,G,G,,True,False,0
886,NA,7066,T,T,,True,False,0
887,NA,7067,C,C,,True,False,0
888,NA,7068,A,A,,True,False,0
889,NA,7069,A,A,,True,False,0
890,290,7070,A,A,,True,False,0
891,NA,7071,A,A,,True,False,0
892,NA,7072,C,C,,True,False,0
893,NA,7073,A,A,,True,False,0
894,NA,7074,A,A,,False,False,0
895,291,7075,C,T,,False,False,0
896,NA,7076,A,A,,False,False,0
897,NA,7077,A,A,,False,False,0
898,NA,7078,T,T,,False,False,0
899,NA,7079,A,A,,False,False,0
900,NA,7080,G,G,,False,False,0
901,NA,7081,T,T,,False,False,0
902,292,7082,A,A,,False,False,0
903,NA,7083,C,C,,False,False,0
904,NA,7084,A,A,,False,False,0
905,NA,7085,T,T,,False,False,0
906,NA,7086,C,C,,False,False,0
907,NA,7087,T,T,,False,False,0
908,NA,7088,C,T,,False,False,0
909,NA,7089,A,A,,True,False,0
910,NA,7090,A,A,,True,False,0
911,NA,7091,T,T,,True,False,0
912,NA,7092,G,G,,True,False,0
913,NA,7093,A,A,,True,False,0
914,NA,7094,A,A,,True,False,0
915,293,7095,T,T,,True,False,0
916,NA,7096,C,C,,True,False,0
917,NA,7097,T,T,,True,False,0
918,294,7098,G,G,,False,False,0
919,NA,7099,T,T,,False,False,0
920,295,7100,A,A,,False,False,0
921,296,7101,G,G,,True,False,0
922,NA,7102,A,A,,True,False,0
923,297,7103,A,A,,True,False,0
924,NA,7104,A,A,,False,False,0
925,NA,7105,T,T,,False,False,0
926,NA,7106,T,T,,False,False,0
927,NA,7107,A,G,,True,False,0
928,298,7108,A,T,,True,False,0
929,299,7109,T,G,,True,False,0
930,NA,7110,T,T,,False,False,0
931,NA,7111,G,G,,False,False,0
932,NA,7112,T,T,,False,False,0
933,300,7113,A,A,,True,False,0
934,301,7114,C,C,,True,False,0
935,NA,7115,A,A,,True,False,0
936,NA,7116,A,A,,False,False,0
937,NA,7117,G,G,,False,False,0
938,NA,7118,A,A,,False,False,0
939,NA,7119,C,C,,True,False,0
940,NA,7120,C,C,,True,False,0
941,NA,7121,C,C,,True,False,0
942,NA,7122,A,A,,True,False,0
943,NA,7123,A,A,,True,False,0
944,NA,7124,C,C,,True,False,0
945,NA,7125,A,A,,True,False,0
946,NA,7126,A,A,,True,False,0
947,NA,7127,T,T,,True,False,0
948,NA,7128,A,A,,False,False,0
949,NA,7129,A,A,,False,False,0
950,NA,7130,T,T,,False,False,0
951,NA,7131,A,A,,True,False,0
952,NA,7132,C,C,,True,False,0
953,NA,7133,A,A,,True,False,0
954,NA,7134,A,A,,True,False,0
955,NA,7135,G,G,,True,False,0
956,302,7136,A,A,,True,False,0
957,NA,7137,A,A,,True,False,0
958,NA,7138,A,A,,True,False,0
959,NA,7139,A,A,,True,False,0
960,NA,7140,A,A,,True,False,0
961,NA,7141,G,G,,True,False,0
962,NA,7142,T,T,,True,False,0
963,303,7143,G,A,,False,False,0
964,NA,7144,T,T,,False,False,0
965,304,7145,G,A,,False,False,0
966,NA,7146,A,A,,True,False,0
967,NA,7147,G,G,,True,False,0
968,NA,7148,A,G,,True,False,0
969,NA,7149,-,-,,False,False,0
970,NA,7150,-,-,,False,False,0
971,NA,7151,-,-,,False,False,0
972,NA,7152,-,-,,False,False,0
973,NA,7153,-,-,,False,False,0
974,NA,7154,-,-,,False,False,0
975,NA,7155,A,A,,False,False,0
976,NA,7156,T,T,,False,False,0
977,NA,7157,A,A,,False,False,0
978,NA,7158,G,G,,True,False,0
979,NA,7159,G,G,,True,False,0
980,NA,7160,A,A,,True,False,0
981,NA,7161,C,C,,False,False,0
982,NA,7162,C,C,,False,False,0
983,305,7163,A,A,,False,False,0
984,NA,7164,G,G,,False,False,0
985,NA,7165,G,G,,False,False,0
986,NA,7166,A,A,,False,False,0
987,NA,7167,C,C,,True,False,0
988,NA,7168,A,A,,True,False,0
989,306,7169,A,A,,True,False,0
990,307,7170,T,A,,True,False,0
991,NA,7171,C,C,,True,False,0
992,NA,7172,A,A,,True,False,0
993,NA,7173,T,T,,False,False,0
994,NA,7174,T,T,,False,False,0
995,NA,7175,C,C,,False,False,0
996,NA,7176,T,T,,True,False,0
997,NA,7177,A,A,,True,False,0
998,NA,7178,T,T,,True,False,0
999,NA,7179,G,G,,False,False,0
1000,NA,7180,C,C,,False,False,0
1001,NA,7181,A,A,,False,False,0
1002,NA,7182,A,A,,False,False,0
1003,NA,7183,C,C,,False,False,0
1004,NA,7184,A,A,,False,False,0
1005,NA,7185,G,G,,False,False,0
1006,308,7186,G,G,,False,False,0
1007,NA,7187,A,A,,False,False,0
1008,NA,7187a,G,G,,False,False,0
1009,NA,7187b,A,A,,False,False,0
1010,NA,7187c,C,C,,False,False,0
1011,NA,7188,A,A,,True,False,0
1012,NA,7189,T,T,,True,False,0
1013,NA,7190,A,A,,True,False,0
1014,NA,7191,A,A,,True,False,0
1015,NA,7192,T,T,,True,False,0
1016,NA,7193,A,A,,True,False,0
1017,NA,7194,G,G,,True,False,0
1018,NA,7195,G,G,,True,False,0
1019,NA,7196,A,A,,True,False,0
1020,309,7197,A,G,,True,False,0
1021,NA,7198,A,A,,True,False,0
1022,NA,7199,T,C,,True,False,0
1023,NA,7200,A,A,,True,False,0
1024,NA,7201,T,T,,True,False,0
1025,NA,7202,A,A,,True,False,0
1026,NA,7203,A,A,,True,False,0
1027,NA,7204,G,G,,True,False,0
1028,310,7205,A,A,,True,False,0
1029,NA,7206,C,C,,True,False,0
1030,NA,7207,A,A,,True,False,0
1031,NA,7208,A,A,,True,False,0
1032,NA,7209,G,G,,False,False,0
1033,NA,7210,C,C,,False,False,0
1034,NA,7211,A,A,,False,False,0
1035,NA,7212,C,C,,True,False,0
1036,NA,7213,A,A,,True,False,0
1037,NA,7214,T,T,,True,False,0
1038,NA,7215,T,T,,False,False,0
1039,NA,7216,G,G,,False,False,0
1040,NA,7217,T,T,,False,False,0
1041,NA,7218,A,A,,True,False,0
1042,311,7219,A,A,,True,False,0
1043,NA,7220,C,C,,True,False,0
1044,NA,7221,A,A,,False,False,0
1045,NA,7222,T,T,,False,False,0
1046,NA,7223,T,T,,False,False,0
1047,NA,7224,A,A,,True,False,0
1048,NA,7225,G,G,,True,False,0
1049,NA,7226,T,T,,True,False,0
1050,312,7227,A,A,,True,False,0
1051,313,7228,A,A,,True,False,0
1052,NA,7229,A,A,,True,False,0
1053,314,7230,G,G,,True,False,0
1054,315,7231,A,A,,True,False,0
1055,316,7232,A,T,,True,False,0
1056,NA,7233,A,A,,True,False,0
1057,NA,7234,A,A,,True,False,0
1058,317,7235,G,A,,True,False,0
1059,NA,7236,T,T,,False,False,0
1060,NA,7237,G,G,,False,False,0
1061,NA,7238,G,G,,False,False,0
1062,NA,7239,G,A,,True,False,0
1063,318,7240,A,A,,True,False,0
1064,319,7241,A,T,,True,False,0
1065,320,7242,A,A,,True,False,0
1066,NA,7243,A,A,,True,False,0
1067,321,7244,G,A,,True,False,0
1068,NA,7245,A,A,,False,False,0
1069,NA,7246,C,C,,False,False,0
1070,322,7247,A,T,,False,False,0
1071,NA,7248,T,T,,False,False,0
1072,NA,7249,T,T,,False,False,0
1073,NA,7250,A,A,,False,False,0
1074,NA,7251,C,C,,True,False,0
1075,NA,7252,A,A,,True,False,0
1076,NA,7253,A,A,,True,False,0
1077,NA,7254,A,A,,True,False,0
1078,NA,7255,G,A,,True,False,0
1079,323,7256,G,G,,True,False,0
1080,NA,7257,G,G,,False,False,0
1081,NA,7258,T,T,,False,False,0
1082,NA,7259,A,A,,False,False,0
1083,NA,7260,A,A,,False,False,0
1084,NA,7261,G,G,,False,False,0
1085,NA,7262,T,T,,False,False,0
1086,324,7263,G,A,,True,False,0
1087,325,7264,A,A,,True,False,0
1088,NA,7265,A,A,,True,False,0
1089,326,7266,G,A,,True,False,0
1090,NA,7267,A,A,,True,False,0
1091,NA,7268,A,A,,True,False,0
1092,327,7269,C,T,,False,False,0
1093,NA,7270,T,T,,False,False,0
1094,328,7271,A,A,,False,False,0
1095,329,7272,A,G,,False,False,0
1096,NA,7273,G,A,,False,False,0
1097,NA,7274,A,A,,False,False,0
1098,330,7275,A,G,,True,False,0
1099,NA,7276,A,A,,True,False,0
1100,331,7277,A,A,,True,False,0
1101,NA,7278,C,C,,True,False,0
1102,NA,7279,A,A,,True,False,0
1103,NA,7280,C,C,,True,False,0
1104,NA,7281,T,T,,True,False,0
1105,NA,7282,T,T,,True,False,0
1106,NA,7283,C,C,,True,False,0
1107,332,7284,C,C,,True,False,0
1108,333,7285,C,C,,True,False,0
1109,334,7286,T,T,,True,False,0
1110,NA,7287,-,-,,True,False,0
1111,NA,7288,-,-,,True,False,0
1112,NA,7289,-,-,,True,False,0
1113,NA,7290,A,A,,True,False,0
1114,NA,7291,A,A,,True,False,0
1115,NA,7292,T,T,,True,False,0
1116,NA,7293,A,A,,True,False,0
1117,NA,7294,A,A,,True,False,0
1118,NA,7295,G,A,,True,False,0
1119,NA,7296,A,A,,True,False,0
1120,NA,7297,C,C,,True,False,0
1121,NA,7298,A,A,,True,False,0
1122,NA,7299,A,A,,False,False,0
1123,NA,7300,T,T,,False,False,0
1124,NA,7301,A,A,,False,False,0
1125,335,7302,G,A,,True,False,0
1126,336,7303,A,A,,True,False,0
1127,337,7304,A,A,,True,False,0
1128,NA,7305,T,T,,False,False,0
1129,NA,7306,T,T,,False,False,0
1130,NA,7307,T,T,,False,False,0
1131,NA,7308,A,G,,True,False,0
1132,NA,7309,A,A,,True,False,0
1133,338,7310,A,A,,True,False,0
1134,339,7311,T,C,,True,False,0
1135,340,7312,C,C,,True,False,0
1136,NA,7313,A,A,,True,False,0
1137,NA,7314,T,T,,True,False,0
1138,NA,7315,C,C,,True,False,0
1139,NA,7316,C,C,,True,False,0
1140,NA,7317,T,T,,True,False,0
1141,NA,7318,C,C,,True,False,0
1142,NA,7319,A,A,,True,False,0
1143,NA,7320,G,G,,True,False,0
1144,NA,7321,G,G,,True,False,0
1145,NA,7322,A,A,,True,False,0
1146,NA,7323,G,G,,True,False,0
1147,NA,7324,G,G,,True,False,0
1148,341,7325,G,G,,True,False,0
1149,NA,7326,G,G,,True,False,0
1150,NA,7327,A,A,,True,False,0
1151,NA,7328,C,C,,True,False,0
1152,NA,7329,C,C,,True,False,0
1153,NA,7330,T,T,,True,False,0
1154,NA,7331,A,A,,True,False,0
1155,NA,7332,G,G,,True,False,0
1156,NA,7333,A,A,,True,False,0
1157,NA,7334,A,A,,True,False,0
1158,NA,7335,A,A,,True,False,0
1159,NA,7336,T,T,,True,False,0
1160,NA,7337,T,T,,True,False,0
1161,342,7338,A,A,,True,False,0
1162,NA,7339,C,C,,True,False,0
1163,NA,7340,A,A,,True,False,0
1164,343,7341,A,A,,True,False,0
1165,344,7342,C,C,,True,False,0
1166,345,7343,A,A,,True,False,0
1167,346,7344,C,C,,False,False,0
1168,347,7345,A,A,,False,False,0
1169,348,7346,T,T,,False,False,0
1170,349,7347,A,A,,True,False,0
1171,350,7348,G,G,,True,False,0
1172,351,7349,C,C,,True,False,0
1173,352,7350,T,T,,False,False,0
1174,353,7351,T,T,,False,False,0
1175,354,7352,T,T,,False,False,0
1176,355,7353,A,A,,True,False,0
1177,356,7354,A,A,,True,False,0
1178,357,7355,T,T,,True,False,0
1179,358,7356,T,T,,True,False,0
1180,359,7357,G,G,,True,False,0
1181,360,7358,T,T,,True,False,0
1182,361,7359,A,A,,True,False,0
1183,NA,7360,G,G,,True,False,0
1184,NA,7361,A,A,,True,False,0
1185,362,7362,G,G,,True,False,0
1186,363,7363,G,G,,True,False,0
1187,364,7364,A,A,,True,False,0
1188,365,7365,G,G,,False,False,0
1189,366,7366,A,A,,False,False,0
1190,367,7367,A,A,,False,False,0
1191,368,7368,T,T,,False,False,0
1192,369,7369,T,T,,False,False,0
1193,370,7370,T,T,,False,False,0
1194,371,7371,T,T,,False,False,0
1195,372,7372,T,T,,False,False,0
1196,373,7373,C,C,,False,False,0
1197,374,7374,T,T,,True,False,0
1198,375,7375,A,A,,True,False,0
1199,376,7376,T,T,,True,False,0
1200,377,7377,T,T,,False,False,0
1201,NA,7378,G,G,,False,False,0
1202,378,7379,C,C,,False,False,0
1203,NA,7380,A,A,,True,False,0
1204,NA,7381,A,A,,True,False,0
1205,NA,7382,T,T,,True,False,0
1206,379,7383,A,A,,False,False,0
1207,NA,7384,C,C,,False,False,0
1208,380,7385,A,A,,False,False,0
1209,381,7386,T,T,,True,False,0
1210,NA,7387,C,C,,True,False,0
1211,NA,7388,A,A,,True,False,0
1212,382,7389,G,A,,True,False,0
1213,383,7390,A,A,,True,False,0
1214,384,7391,C,A,,True,False,0
1215,385,7392,C,C,,False,False,0
1216,386,7393,T,T,,False,False,0
1217,387,7394,G,G,,False,False,0
1218,388,7395,T,T,,False,False,0
1219,389,7396,T,T,,False,False,0
1220,390,7397,T,T,,False,False,0
1221,391,7398,A,A,,True,False,0
1222,392,7399,A,A,,True,False,0
1223,393,7400,T,T,,True,False,0
1224,394,7401,G,A,,True,False,0
1225,395,7402,G,G,,True,False,0
1226,396,7403,T,T,,True,False,0
1227,397,7404,A,A,,True,False,0
1228,398,7405,C,C,,True,False,0
1229,399,7406,A,A,,True,False,0
1230,400,7407,T,T,,True,False,0
1231,401,7408,A,A,,True,False,0
1232,402,7409,C,C,,True,False,0
1233,403,7410,A,A,,True,False,0
1234,404,7411,A,A,,True,False,0
1235,405,7412,T,A,,True,False,0
1236,406,7413,A,A,,True,False,0
1237,407,7414,A,T,,True,False,0
1238,408,7415,C,A,,True,False,0
1239,409,7416,A,A,,True,False,0
1240,410,7417,T,T,,True,False,0
1241,411,7418,T,-,,True,False,0
1242,412,7419,A,-,,True,False,0
1243,413,7420,G,-,,True,False,0
1244,414,7421,T,-,,True,False,0
1245,415,7422,G,-,,True,False,0
1246,416,7423,T,-,,True,False,0
1247,417,7424,C,-,,True,False,0
1248,NA,7425,-,-,,True,False,0
1249,NA,7426,-,-,,True,False,0
1250,NA,7427,-,-,,True,False,0
1251,NA,7428,-,-,,True,False,0
1252,NA,7429,-,-,,True,False,0
1253,NA,7430,-,-,,True,False,0
1254,NA,7431,-,-,,True,False,0
1255,NA,7432,-,-,,True,False,0
1256,NA,7433,-,-,,True,False,0
1257,418,7434,A,-,,True,False,0
1258,419,7435,C,-,,True,False,0
1259,420,7436,T,-,,True,False,0
1260,421,7437,A,-,,True,False,0
1261,422,7438,G,-,,True,False,0
1262,423,7439,T,-,,True,False,0
1263,424,7440,A,A,,True,False,0
1264,425,7441,C,C,,True,False,0
1265,426,7442,T,T,,True,False,0
1266,427,7443,T,A,,True,False,0
1267,428,7444,C,A,,True,False,0
1268,429,7445,A,T,,True,False,0
1269,430,7446,G,A,,True,False,0
1270,431,7447,A,A,,True,False,0
1271,432,7448,T,T,,True,False,0
1272,433,7449,T,A,,True,False,0
1273,434,7450,C,A,,True,False,0
1274,435,7451,A,T,,True,False,0
1275,436,7452,A,A,,True,False,0
1276,437,7453,G,C,,True,False,0
1277,438,7454,T,A,,True,False,0
1278,439,7455,A,A,,True,False,0
1279,440,7456,C,A,,True,False,0
1280,441,7457,A,T,,True,False,0
1281,442,7458,C,G,,True,False,0
1282,443,7459,C,C,,True,False,0
1283,444,7460,A,A,,True,False,0
1284,445,7461,C,A,,True,False,0
1285,446,7462,A,C,,True,False,0
1286,NA,7463,C,C,,True,False,0
1287,NA,7464,A,A,,True,False,0
1288,NA,7465,T,T,,True,False,0
1289,NA,7466,C,C,,True,False,0
1290,NA,7467,A,A,,True,False,0
1291,NA,7468,C,C,,True,False,0
1292,NA,7469,A,A,,True,False,0
1293,NA,7470,C,C,,False,False,0
1294,NA,7471,T,T,,False,False,0
1295,NA,7472,C,C,,False,False,0
1296,NA,7473,C,C,,True,False,0
1297,447,7474,A,C,,True,False,0
1298,NA,7475,A,A,,True,False,0
1299,NA,7476,T,T,,False,False,0
1300,NA,7477,G,G,,False,False,0
1301,NA,7478,C,C,,False,False,0
1302,NA,7479,A,A,,True,False,0
1303,NA,7480,G,G,,True,False,0
1304,NA,7481,A,A,,True,False,0
1305,NA,7482,A,A,,False,False,0
1306,NA,7483,T,T,,False,False,0
1307,NA,7484,A,A,,False,False,0
1308,NA,7485,A,A,,True,False,0
1309,NA,7486,A,A,,True,False,0
1310,448,7487,A,A,,True,False,0
1311,NA,7488,C,C,,False,False,0
1312,NA,7489,A,A,,False,False,0
1313,NA,7490,A,A,,False,False,0
1314,NA,7491,A,A,,True,False,0
1315,NA,7492,T,T,,True,False,0
1316,449,7493,T,T,,True,False,0
1317,NA,7494,A,A,,False,False,0
1318,NA,7495,T,T,,False,False,0
1319,NA,7496,A,A,,False,False,0
1320,450,7497,A,A,,True,False,0
1321,NA,7498,A,A,,True,False,0
1322,NA,7499,C,C,,True,False,0
1323,NA,7500,A,A,,True,False,0
1324,NA,7501,T,T,,True,False,0
1325,NA,7502,G,G,,True,False,0
1326,451,7503,T,T,,True,False,0
1327,NA,7504,G,G,,True,False,0
1328,NA,7505,G,G,,True,False,0
1329,NA,7506,C,C,,True,False,0
1330,NA,7507,A,A,,True,False,0
1331,NA,7508,G,G,,True,False,0
1332,NA,7509,G,G,,True,False,0
1333,NA,7510,A,A,,True,False,0
1334,452,7511,G,G,,True,False,0
1335,NA,7512,G,G,,True,False,0
1336,NA,7513,T,T,,True,False,0
1337,453,7514,G,A,,True,False,0
1338,NA,7515,G,G,,True,False,0
1339,NA,7516,G,G,,True,False,0
1340,454,7517,A,A,,True,False,0
1341,NA,7518,C,C,,True,False,0
1342,NA,7519,G,G,,True,False,0
1343,NA,7520,A,A,,True,False,0
1344,NA,7521,G,G,,False,False,0
1345,NA,7522,C,C,,False,False,0
1346,NA,7523,A,A,,False,False,0
1347,NA,7524,A,A,,False,False,0
1348,NA,7525,T,T,,False,False,0
1349,NA,7526,G,G,,False,False,0
1350,NA,7527,T,T,,False,False,0
1351,NA,7528,A,A,,False,False,0
1352,NA,7529,T,T,,False,False,0
1353,455,7530,G,G,,False,False,0
1354,NA,7531,C,C,,False,False,0
1355,NA,7532,C,C,,False,False,0
1356,456,7533,C,C,,True,False,0
1357,NA,7534,C,C,,True,False,0
1358,457,7535,T,T,,True,False,0
1359,NA,7536,C,C,,False,False,0
1360,NA,7537,C,C,,False,False,0
1361,458,7538,C,C,,False,False,0
1362,NA,7539,A,A,,True,False,0
1363,NA,7540,T,T,,True,False,0
1364,NA,7541,T,T,,True,False,0
1365,NA,7542,G,G,,True,False,0
1366,NA,7543,C,C,,True,False,0
1367,459,7544,A,A,,True,False,0
1368,NA,7545,G,G,,True,False,0
1369,NA,7546,G,G,,True,False,0
1370,NA,7547,A,A,,True,False,0
1371,460,7548,A,A,,True,False,0
1372,NA,7549,A,A,,True,False,0
1373,461,7550,T,C,,True,False,0
1374,NA,7551,A,A,,True,False,0
1375,NA,7552,T,T,,True,False,0
1376,NA,7553,A,A,,True,False,0
1377,NA,7554,A,A,,True,False,0
1378,NA,7555,C,C,,True,False,0
1379,NA,7556,A,A,,True,False,0
1380,NA,7557,T,T,,True,False,0
1381,NA,7558,G,G,,True,False,0
1382,NA,7559,T,T,,True,False,0
1383,NA,7560,A,A,,True,False,0
1384,NA,7561,A,A,,True,False,0
1385,462,7562,C,A,,True,False,0
1386,NA,7563,T,T,,True,False,0
1387,NA,7564,C,C,,True,False,0
1388,NA,7565,A,A,,True,False,0
1389,NA,7566,A,A,,True,False,0
1390,NA,7567,A,A,,True,False,0
1391,NA,7568,T,T,,True,False,0
1392,NA,7569,A,A,,False,False,0
1393,NA,7570,T,T,,False,False,0
1394,NA,7571,C,C,,False,False,0
1395,NA,7572,A,A,,False,False,0
1396,NA,7573,C,C,,False,False,0
1397,463,7574,A,A,,False,False,0
1398,NA,7575,G,G,,False,False,0
1399,NA,7576,G,G,,False,False,0
1400,464,7577,A,A,,False,False,0
1401,465,7578,C,C,,False,False,0
1402,NA,7579,T,T,,False,False,0
1403,NA,7580,A,A,,False,False,0
1404,NA,7581,C,C,,False,False,0
1405,NA,7582,T,T,,False,False,0
1406,NA,7583,A,A,,False,False,0
1407,NA,7584,T,T,,False,False,0
1408,NA,7585,T,T,,False,False,0
1409,NA,7586,G,G,,False,False,0
1410,NA,7587,A,A,,True,False,0
1411,466,7588,C,C,,True,False,0
1412,NA,7589,A,A,,True,False,0
1413,NA,7590,C,C,,True,False,0
1414,NA,7591,G,G,,True,False,0
1415,467,7592,T,T,,True,False,0
1416,NA,7593,G,G,,True,False,0
1417,NA,7594,A,A,,True,False,0
1418,468,7595,T,T,,True,False,0
1419,NA,7596,G,G,,True,False,0
1420,NA,7597,G,G,,True,False,0
1421,NA,7598,A,A,,True,False,0
1422,NA,7599,G,G,,True,False,0
1423,NA,7600,G,G,,True,False,0
1424,469,7601,A,A,,True,False,0
1425,470,7601a,-,A,,True,False,0
1426,471,7601b,-,A,,True,False,0
1427,472,7601c,-,-,,True,False,0
1428,473,7602,A,A,,True,False,0
1429,474,7603,G,A,,True,False,0
1430,475,7604,A,A,,True,False,0
1431,476,7605,G,A,,True,False,0
1432,477,7606,A,A,,True,False,0
1433,478,7607,A,A,,True,False,0
1434,479,7608,A,A,,True,False,0
1435,480,7609,G,A,,True,False,0
1436,481,7610,T,T,,True,False,0
1437,482,7611,A,A,,True,False,0
1438,483,7612,A,A,,True,False,0
1439,484,7613,T,T,,True,False,0
1440,485,7614,G,G,,True,False,0
1441,486,7615,A,A,,True,False,0
1442,487,7616,G,C,,True,False,0
1443,488,7617,A,A,,True,False,0
1444,489,7618,C,C,,True,False,0
1445,490,7619,A,A,,True,False,0
1446,491,7620,G,G,,True,False,0
1447,492,7621,A,A,,True,False,0
1448,493,7622,G,G,,True,False,0
1449,494,7623,A,A,,True,False,0
1450,495,7624,C,T,,True,False,0
1451,496,7625,A,A,,True,False,0
1452,497,7626,T,T,,False,False,0
1453,498,7627,T,T,,False,False,0
1454,499,7628,C,C,,False,False,0
1455,500,7629,A,A,,True,False,0
1456,501,7630,G,G,,True,False,0
1457,502,7631,A,A,,True,False,0
1458,503,7632,C,C,,False,False,0
1459,504,7633,C,C,,False,False,0
1460,505,7634,T,T,,False,False,0
1461,506,7635,G,G,,False,False,0
1462,507,7636,G,G,,False,False,0
1463,508,7637,A,A,,False,False,0
1464,509,7638,G,G,,False,False,0
1465,510,7639,G,G,,False,False,0
1466,511,7640,A,A,,False,False,0
1467,512,7641,G,G,,True,False,0
1468,513,7642,G,G,,True,False,0
1469,514,7643,A,A,,True,False,0
1470,515,7644,G,G,,True,False,0
1471,516,7645,A,A,,True,False,0
1472,NA,7646,T,T,,True,False,0
1473,NA,7647,A,A,,True,False,0
1474,NA,7648,T,T,,True,False,0
1475,NA,7649,G,G,,True,False,0
1476,517,7650,A,A,,True,False,0
1477,NA,7651,G,G,,True,False,0
1478,NA,7652,G,G,,True,False,0
1479,518,7653,A,G,,False,False,0
1480,NA,7654,A,A,,False,False,0
1481,NA,7655,C,C,,False,False,0
1482,NA,7656,A,A,,False,False,0
1483,NA,7657,A,A,,False,False,0
1484,519,7658,T,T,,False,False,0
1485,NA,7659,T,T,,False,False,0
1486,NA,7660,G,G,,False,False,0
1487,NA,7661,G,G,,False,False,0
1488,NA,7662,A,A,,True,False,0
1489,NA,7663,G,G,,True,False,0
1490,NA,7664,A,A,,True,False,0
1491,NA,7665,A,A,,True,False,0
1492,NA,7666,G,G,,True,False,0
1493,NA,7667,T,T,,True,False,0
1494,NA,7668,G,G,,True,False,0
1495,NA,7669,A,A,,True,False,0
1496,NA,7670,A,A,,True,False,0
1497,520,7671,T,T,,False,False,0
1498,NA,7672,T,T,,False,False,0
1499,NA,7673,A,A,,False,False,0
1500,NA,7674,T,T,,True,False,0
1501,NA,7675,A,A,,True,False,0
1502,NA,7676,T,T,,True,False,0
1503,NA,7677,A,A,,True,False,0
1504,NA,7678,A,A,,True,False,0
1505,NA,7679,A,A,,True,False,0
1506,NA,7680,T,T,,False,False,0
1507,NA,7681,A,A,,False,False,0
1508,NA,7682,T,T,,False,False,0
1509,NA,7683,A,A,,True,False,0
1510,NA,7684,A,A,,True,False,0
1511,NA,7685,A,A,,True,False,0
1512,NA,7686,G,G,,True,False,0
1513,NA,7687,T,T,,True,False,0
1514,521,7688,A,G,,True,False,0
1515,NA,7689,G,G,,False,False,0
1516,NA,7690,T,T,,False,False,0
1517,522,7691,A,A,,False,False,0
1518,NA,7692,G,G,,False,False,0
1519,NA,7693,A,A,,False,False,0
1520,523,7694,A,A,,False,False,0
1521,524,7695,A,A,,False,False,0
1522,NA,7696,T,T,,False,False,0
1523,NA,7697,T,T,,False,False,0
1524,NA,7698,A,A,,False,False,0
1525,NA,7699,A,A,,False,False,0
1526,525,7700,A,G,,False,False,0
1527,NA,7701,C,C,,False,False,0
1528,526,7702,C,C,,False,False,0
1529,NA,7703,A,A,,False,False,0
1530,NA,7704,T,T,,False,False,0
1531,NA,7705,T,T,,False,False,0
1532,NA,7706,A,G,,False,False,0
1533,527,7707,G,G,,False,False,0
1534,528,7708,G,G,,False,False,0
1535,NA,7709,A,A,,False,False,0
1536,NA,7710,A,G,,False,False,0
1537,NA,7711,T,T,,False,False,0
1538,NA,7712,A,A,,False,False,0
1539,NA,7713,G,G,,False,False,0
1540,NA,7714,C,C,,False,False,0
1541,NA,7715,A,A,,False,False,0
1542,NA,7716,C,C,,False,False,0
1543,NA,7717,C,C,,False,False,0
1544,NA,7718,C,C,,False,False,0
1545,NA,7719,A,A,,False,False,0
1546,NA,7720,C,C,,False,False,0
1547,NA,7721,T,T,,False,False,0
1548,529,7722,G,G,,False,False,0
1549,530,7723,A,A,,False,False,0
1550,531,7724,A,G,,False,False,0
1551,NA,7725,G,G,,False,False,0
1552,NA,7726,C,C,,False,False,0
1553,NA,7727,A,A,,False,False,0
1554,532,7728,A,A,,False,False,0
1555,533,7729,A,A,,False,False,0
1556,NA,7730,A,A,,False,False,0
1557,NA,7731,A,A,,False,False,0
1558,NA,7732,G,G,,False,False,0
1559,NA,7733,G,G,,False,False,0
1560,NA,7734,A,A,,False,False,0
1561,NA,7735,G,G,,False,False,0
1562,NA,7736,A,A,,False,False,0
1563,NA,7737,G,G,,False,False,0
1564,534,7738,T,T,,False,False,0
1565,NA,7739,G,G,,False,False,0
1566,NA,7740,G,G,,False,False,0
1567,NA,7741,T,T,,False,False,0
1568,NA,7742,G,G,,False,False,0
1569,535,7743,G,G,,False,False,0
1570,NA,7744,A,A,,False,False,0
1571,NA,7745,G,G,,False,False,0
1572,NA,7746,A,A,,False,False,0
1573,536,7747,G,G,,False,False,0
1574,NA,7748,A,A,,False,False,0
1575,NA,7749,G,G,,False,False,0
1576,NA,7750,A,A,,False,False,0
1577,537,7751,G,A,,False,False,0
1578,NA,7752,A,A,,False,False,0
1579,538,7753,A,A,,False,False,0
1580,NA,7754,A,A,,False,False,0
1581,539,7755,C,A,,False,False,0
1582,NA,7756,G,G,,False,False,0
1583,NA,7757,A,A,,False,False,0
1584,NA,7758,G,G,,False,False,0
1585,NA,7759,C,C,,False,False,0
1586,NA,7760,A,A,,False,False,0
1587,540,7761,G,G,,False,False,0
1588,NA,7762,T,T,,False,False,0
1589,NA,7763,A,G,,False,False,0
1590,541,7763a,-,-,,False,False,0
1591,542,7763b,-,-,,False,False,0
1592,543,7763c,-,-,,False,False,0
1593,NA,7764,G,G,,False,False,0
1594,NA,7765,G,G,,False,False,0
1595,NA,7766,A,A,,False,False,0
1596,544,7767,A,A,,False,False,0
1597,NA,7768,T,T,,False,False,0
1598,545,7769,G,A,,False,False,0
1599,NA,7770,G,G,,False,False,0
1600,NA,7771,G,G,,False,False,0
1601,NA,7772,A,A,,False,False,0
1602,NA,7773,G,G,,False,False,0
1603,NA,7774,C,C,,False,False,0
1604,NA,7775,T,T,,False,False,0
1605,NA,7776,G,G,,False,False,0
1606,NA,7777,T,T,,False,False,0
1607,NA,7778,G,G,,False,False,0
1608,546,7779,A,T,,True,False,0
1609,NA,7780,T,T,,True,False,0
1610,NA,7781,C,C,,True,False,0
1611,547,7782,T,C,,True,False,0
1612,NA,7783,T,T,,True,False,0
1613,NA,7784,T,T,,True,False,0
1614,NA,7785,G,G,,False,False,0
1615,NA,7786,G,G,,False,False,0
1616,NA,7787,G,G,,False,False,0
1617,NA,7788,T,T,,False,False,0
1618,NA,7789,T,T,,False,False,0
1619,NA,7790,C,C,,False,False,0
1620,NA,7791,T,T,,False,False,0
1621,NA,7792,T,T,,False,False,0
1622,NA,7793,G,G,,False,False,0
1623,NA,7794,G,G,,False,False,0
1624,NA,7795,G,G,,False,False,0
1625,548,7796,A,A,,False,False,0
1626,549,7797,G,G,,False,False,0
1627,NA,7798,C,C,,False,False,0
1628,550,7799,A,A,,False,False,0
1629,NA,7800,G,G,,False,False,0
1630,NA,7801,C,C,,False,False,0
1631,NA,7802,A,A,,False,False,0
1632,NA,7803,G,G,,False,False,0
1633,NA,7804,G,G,,False,False,0
1634,NA,7805,A,A,,False,False,0
1635,NA,7806,A,A,,True,False,0
1636,NA,7807,G,G,,True,False,0
1637,NA,7808,C,C,,True,False,0
1638,551,7809,A,A,,True,False,0
1639,NA,7810,C,C,,True,False,0
1640,NA,7811,T,T,,True,False,0
1641,NA,7812,A,A,,False,False,0
1642,NA,7813,T,T,,False,False,0
1643,NA,7814,G,G,,False,False,0
1644,NA,7815,G,G,,False,False,0
1645,NA,7816,G,G,,False,False,0
1646,NA,7817,C,C,,False,False,0
1647,NA,7818,G,G,,True,False,0
1648,NA,7819,C,C,,True,False,0
1649,552,7820,G,G,,True,False,0
1650,NA,7821,G,G,,False,False,0
1651,NA,7822,C,C,,False,False,0
1652,553,7823,G,G,,False,False,0
1653,NA,7824,T,T,,False,False,0
1654,NA,7825,C,C,,False,False,0
1655,NA,7826,A,A,,False,False,0
1656,NA,7827,A,A,,False,False,0
1657,NA,7828,T,T,,False,False,0
1658,554,7829,G,A,,False,False,0
1659,555,7830,G,A,,True,False,0
1660,NA,7831,C,C,,True,False,0
1661,NA,7832,G,G,,True,False,0
1662,NA,7833,C,C,,False,False,0
1663,NA,7834,T,T,,False,False,0
1664,NA,7835,G,G,,False,False,0
1665,NA,7836,A,A,,False,False,0
1666,NA,7837,C,C,,False,False,0
1667,NA,7838,G,G,,False,False,0
1668,NA,7839,G,G,,True,False,0
1669,556,7840,T,T,,True,False,0
1670,NA,7841,A,A,,True,False,0
1671,NA,7842,C,C,,False,False,0
1672,NA,7843,A,A,,False,False,0
1673,NA,7844,G,G,,False,False,0
1674,NA,7845,G,G,,False,False,0
1675,NA,7846,C,C,,False,False,0
1676,NA,7847,C,C,,False,False,0
1677,NA,7848,A,A,,False,False,0
1678,557,7849,G,G,,False,False,0
1679,NA,7850,A,A,,False,False,0
1680,NA,7851,C,C,,True,False,0
1681,NA,7852,A,A,,True,False,0
1682,NA,7853,A,A,,True,False,0
1683,558,7854,C,T,,False,False,0
1684,NA,7855,T,T,,False,False,0
1685,559,7856,G,G,,False,False,0
1686,560,7857,C,T,,False,False,0
1687,NA,7858,T,T,,False,False,0
1688,NA,7859,G,G,,False,False,0
1689,NA,7860,T,T,,False,False,0
1690,NA,7861,C,C,,False,False,0
1691,NA,7862,T,T,,False,False,0
1692,NA,7863,G,G,,False,False,0
1693,NA,7864,G,G,,False,False,0
1694,NA,7865,T,T,,False,False,0
1695,NA,7866,A,A,,False,False,0
1696,NA,7867,T,T,,False,False,0
1697,NA,7868,A,A,,False,False,0
1698,NA,7869,G,G,,False,False,0
1699,NA,7870,T,T,,False,False,0
1700,NA,7871,G,G,,False,False,0
1701,NA,7872,C,C,,False,False,0
1702,NA,7873,A,A,,False,False,0
1703,NA,7874,A,A,,False,False,0
1704,NA,7875,C,C,,False,False,0
1705,NA,7876,A,A,,False,False,0
1706,NA,7877,G,G,,False,False,0
1707,NA,7878,C,C,,False,False,0
1708,NA,7879,A,A,,False,False,0
1709,NA,7880,A,A,,False,False,0
1710,NA,7881,A,A,,False,False,0
1711,NA,7882,G,G,,False,False,0
1712,561,7883,C,C,,False,False,0
1713,NA,7884,A,A,,False,False,0
1714,NA,7885,A,A,,False,False,0
1715,NA,7886,T,T,,False,False,0
1716,NA,7887,T,T,,False,False,0
1717,NA,7888,T,T,,False,False,0
1718,NA,7889,G,G,,False,False,0
1719,NA,7890,C,C,,False,False,0
1720,NA,7891,T,T,,False,False,0
1721,NA,7892,G,G,,False,False,0
1722,NA,7893,A,A,,False,False,0
1723,NA,7894,G,G,,False,False,0
1724,562,7895,A,G,,False,False,0
1725,NA,7896,G,G,,False,False,0
1726,NA,7897,C,C,,False,False,0
1727,NA,7898,T,T,,False,False,0
1728,NA,7899,A,A,,False,False,0
1729,NA,7900,T,T,,False,False,0
1730,NA,7901,A,A,,False,False,0
1731,NA,7902,G,G,,False,False,0
1732,NA,7903,A,A,,False,False,0
1733,NA,7904,G,G,,False,False,0
1734,NA,7905,G,G,,False,False,0
1735,563,7906,C,C,,False,False,0
1736,564,7907,G,G,,False,False,0
1737,NA,7908,C,C,,False,False,0
1738,NA,7909,A,A,,False,False,0
1739,NA,7910,A,A,,False,False,0
1740,NA,7911,C,C,,False,False,0
1741,NA,7912,A,A,,False,False,0
1742,565,7913,G,G,,False,False,0
1743,NA,7914,C,C,,False,False,0
1744,NA,7915,A,A,,False,False,0
1745,NA,7916,T,T,,False,False,0
1746,NA,7917,A,A,,False,False,0
1747,NA,7918,T,T,,False,False,0
1748,NA,7919,G,G,,False,False,0
1749,NA,7920,T,T,,False,False,0
1750,NA,7921,T,T,,False,False,0
1751,NA,7922,G,G,,False,False,0
1752,NA,7923,C,C,,False,False,0
1753,NA,7924,A,A,,False,False,0
1754,566,7925,A,A,,False,False,0
1755,NA,7926,C,C,,False,False,0
1756,NA,7927,T,T,,False,False,0
1757,NA,7928,C,C,,False,False,0
1758,NA,7929,A,A,,True,False,0
1759,NA,7930,C,C,,True,False,0
1760,567,7931,A,G,,True,False,0
1761,NA,7932,G,G,,False,False,0
1762,NA,7933,T,T,,False,False,0
1763,NA,7934,C,C,,False,False,0
1764,NA,7935,T,T,,False,False,0
1765,NA,7936,G,G,,False,False,0
1766,NA,7937,G,G,,False,False,0
1767,NA,7938,G,G,,False,False,0
1768,NA,7939,G,G,,False,False,0
1769,NA,7940,C,C,,False,False,0
1770,NA,7941,A,A,,True,False,0
1771,NA,7942,T,T,,True,False,0
1772,568,7943,C,T,,True,False,0
1773,NA,7944,A,A,,False,False,0
1774,NA,7945,A,A,,False,False,0
1775,NA,7946,G,G,,False,False,0
1776,NA,7947,C,C,,False,False,0
1777,NA,7948,A,A,,False,False,0
1778,NA,7949,G,G,,False,False,0
1779,NA,7950,C,C,,False,False,0
1780,NA,7951,T,T,,False,False,0
1781,NA,7952,C,C,,False,False,0
1782,NA,7953,C,C,,False,False,0
1783,NA,7954,A,A,,False,False,0
1784,NA,7955,G,G,,False,False,0
1785,NA,7956,G,A,,False,False,0
1786,NA,7957,C,C,,False,False,0
1787,NA,7958,A,A,,False,False,0
1788,NA,7959,A,A,,False,False,0
1789,NA,7960,G,G,,False,False,0
1790,NA,7961,A,A,,False,False,0
1791,NA,7962,G,G,,False,False,0
1792,NA,7963,T,T,,False,False,0
1793,NA,7964,C,C,,False,False,0
1794,NA,7965,C,C,,False,False,0
1795,NA,7966,T,T,,False,False,0
1796,NA,7967,G,G,,False,False,0
1797,NA,7968,G,G,,False,False,0
1798,NA,7969,C,C,,False,False,0
1799,569,7970,T,T,,False,False,0
1800,570,7971,A,A,,False,False,0
1801,NA,7972,T,T,,False,False,0
1802,NA,7973,A,A,,False,False,0
1803,NA,7974,G,G,,False,False,0
1804,NA,7975,A,A,,False,False,0
1805,571,7976,A,A,,False,False,0
1806,NA,7977,A,A,,False,False,0
1807,NA,7978,G,G,,False,False,0
1808,NA,7979,A,A,,False,False,0
1809,NA,7980,T,T,,False,False,0
1810,572,7981,A,A,,False,False,0
1811,NA,7982,C,C,,False,False,0
1812,NA,7983,C,C,,False,False,0
1813,NA,7984,T,T,,False,False,0
1814,NA,7985,A,A,,False,False,0
1815,NA,7986,A,A,,True,False,0
1816,NA,7987,A,A,,True,False,0
1817,573,7988,A,G,,True,False,0
1818,NA,7989,G,G,,False,False,0
1819,NA,7990,A,A,,False,False,0
1820,NA,7991,T,T,,False,False,0
1821,NA,7992,C,C,,False,False,0
1822,NA,7993,A,A,,False,False,0
1823,NA,7994,A,A,,False,False,0
1824,NA,7995,C,C,,False,False,0
1825,NA,7996,A,A,,False,False,0
1826,NA,7997,G,G,,False,False,0
1827,NA,7998,C,C,,True,False,0
1828,NA,7999,T,T,,True,False,0
1829,NA,8000,C,C,,True,False,0
1830,NA,8001,C,C,,False,False,0
1831,NA,8002,T,T,,False,False,0
1832,NA,8003,A,A,,False,False,0
1833,NA,8004,G,G,,False,False,0
1834,NA,8005,G,G,,False,False,0
1835,NA,8006,G,G,,False,False,0
1836,574,8007,C,A,,False,False,0
1837,NA,8008,T,T,,False,False,0
1838,575,8009,T,T,,False,False,0
1839,NA,8010,T,T,,False,False,0
1840,NA,8011,G,G,,False,False,0
1841,NA,8012,G,G,,False,False,0
1842,NA,8013,G,G,,False,False,0
1843,NA,8014,G,G,,False,False,0
1844,576,8015,C,C,,False,False,0
1845,NA,8016,T,T,,False,False,0
1846,NA,8017,G,G,,False,False,0
1847,NA,8018,C,C,,False,False,0
1848,NA,8019,T,T,,False,False,0
1849,NA,8020,C,C,,False,False,0
1850,NA,8021,T,T,,False,False,0
1851,NA,8022,G,G,,False,False,0
1852,NA,8023,G,G,,False,False,0
1853,NA,8024,A,A,,False,False,0
1854,NA,8025,A,A,,False,False,0
1855,NA,8026,A,A,,False,False,0
1856,NA,8027,A,A,,False,False,0
1857,NA,8028,C,C,,False,False,0
1858,NA,8029,T,T,,False,False,0
1859,NA,8030,C,C,,False,False,0
1860,NA,8031,A,A,,False,False,0
1861,NA,8032,T,T,,False,False,0
1862,NA,8033,C,C,,False,False,0
1863,NA,8034,T,T,,False,False,0
1864,NA,8035,G,G,,False,False,0
1865,NA,8036,C,C,,False,False,0
1866,NA,8037,A,A,,False,False,0
1867,NA,8038,C,C,,False,False,0
1868,NA,8039,C,C,,False,False,0
1869,NA,8040,A,A,,False,False,0
1870,NA,8041,C,C,,False,False,0
1871,NA,8042,T,T,,False,False,0
1872,577,8043,G,G,,False,False,0
1873,578,8044,C,C,,False,False,0
1874,579,8045,T,T,,False,False,0
1875,NA,8046,G,G,,False,False,0
1876,NA,8047,T,T,,False,False,0
1877,580,8048,A,G,,False,False,0
1878,581,8049,C,C,,False,False,0
1879,582,8050,C,C,,False,False,0
1880,NA,8051,T,T,,False,False,0
1881,NA,8052,T,T,,False,False,0
1882,NA,8053,G,G,,False,False,0
1883,NA,8054,G,G,,False,False,0
1884,NA,8055,A,A,,True,False,0
1885,NA,8056,A,A,,True,False,0
1886,583,8057,T,C,,True,False,0
1887,NA,8058,T,T,,True,False,0
1888,NA,8059,C,C,,True,False,0
1889,584,8060,C,C,,True,False,0
1890,NA,8061,A,A,,True,False,0
1891,NA,8062,G,G,,True,False,0
1892,585,8063,T,T,,True,False,0
1893,NA,8064,T,T,,True,False,0
1894,NA,8065,G,G,,True,False,0
1895,NA,8066,G,G,,True,False,0
1896,NA,8067,A,A,,True,False,0
1897,NA,8068,G,G,,True,False,0
1898,NA,8069,T,T,,True,False,0
1899,NA,8070,A,A,,True,False,0
1900,NA,8071,A,A,,True,False,0
1901,NA,8072,T,T,,True,False,0
1902,NA,8073,A,A,,True,False,0
1903,NA,8074,A,A,,True,False,0
1904,NA,8075,A,A,,True,False,0
1905,586,8076,T,T,,True,False,0
1906,NA,8077,C,C,,True,False,0
1907,NA,8078,T,T,,True,False,0
1908,587,8079,C,C,,False,False,0
1909,NA,8080,A,A,,False,False,0
1910,588,8081,A,A,,False,False,0
1911,589,8082,G,G,,True,False,0
1912,590,8083,C,A,,True,False,0
1913,591,8084,A,A,,True,False,0
1914,NA,8085,G,G,,True,False,0
1915,NA,8086,A,A,,True,False,0
1916,592,8087,T,T,,True,False,0
1917,NA,8088,A,A,,False,False,0
1918,NA,8089,T,T,,False,False,0
1919,NA,8090,T,T,,False,False,0
1920,NA,8091,T,T,,False,False,0
1921,NA,8092,G,G,,False,False,0
1922,NA,8093,G,G,,False,False,0
1923,593,8094,G,G,,True,False,0
1924,NA,8095,A,A,,True,False,0
1925,594,8096,T,T,,True,False,0
1926,NA,8097,A,A,,True,False,0
1927,NA,8098,A,A,,True,False,0
1928,NA,8099,C,C,,True,False,0
1929,NA,8100,A,A,,False,False,0
1930,NA,8101,T,T,,False,False,0
1931,NA,8102,G,G,,False,False,0
1932,NA,8103,A,A,,True,False,0
1933,NA,8104,C,C,,True,False,0
1934,595,8105,C,C,,True,False,0
1935,NA,8106,T,T,,False,False,0
1936,NA,8107,G,G,,False,False,0
1937,NA,8108,G,G,,False,False,0
1938,NA,8109,A,A,,False,False,0
1939,NA,8110,T,T,,False,False,0
1940,NA,8111,G,G,,False,False,0
1941,NA,8112,C,C,,True,False,0
1942,NA,8113,A,A,,True,False,0
1943,NA,8114,G,G,,True,False,0
1944,NA,8115,T,T,,False,False,0
1945,NA,8116,G,G,,False,False,0
1946,NA,8117,G,G,,False,False,0
1947,NA,8118,G,G,,False,False,0
1948,NA,8119,A,A,,False,False,0
1949,596,8120,T,T,,False,False,0
1950,NA,8121,A,A,,True,False,0
1951,NA,8122,G,G,,True,False,0
1952,NA,8123,A,A,,True,False,0
1953,NA,8124,G,G,,True,False,0
1954,NA,8125,A,A,,True,False,0
1955,597,8126,A,A,,True,False,0
1956,NA,8127,A,A,,False,False,0
1957,NA,8128,T,T,,False,False,0
1958,NA,8129,T,T,,False,False,0
1959,598,8130,A,A,,True,False,0
1960,599,8131,G,G,,True,False,0
1961,600,8132,T,T,,True,False,0
1962,NA,8133,A,A,,True,False,0
1963,NA,8134,A,A,,True,False,0
1964,601,8135,T,T,,True,False,0
1965,NA,8136,T,T,,True,False,0
1966,NA,8137,A,A,,True,False,0
1967,NA,8138,C,C,,True,False,0
1968,NA,8139,A,A,,True,False,0
1969,NA,8140,C,C,,True,False,0
1970,NA,8141,A,A,,True,False,0
1971,NA,8142,G,G,,True,False,0
1972,602,8143,G,A,,True,False,0
1973,NA,8144,C,C,,True,False,0
1974,NA,8145,A,A,,True,False,0
1975,603,8146,T,C,,True,False,0
1976,NA,8147,A,A,,True,False,0
1977,NA,8148,A,A,,False,False,0
1978,NA,8149,T,T,,False,False,0
1979,NA,8150,A,A,,False,False,0
1980,NA,8151,T,T,,False,False,0
1981,NA,8152,A,A,,False,False,0
1982,NA,8153,C,C,,False,False,0
1983,NA,8154,A,A,,True,False,0
1984,604,8155,G,G,,True,False,0
1985,605,8156,T,G,,True,False,0
1986,606,8157,T,T,,True,False,0
1987,NA,8158,T,T,,True,False,0
1988,NA,8159,G,G,,True,False,0
1989,NA,8160,C,C,,False,False,0
1990,NA,8161,T,T,,False,False,0
1991,NA,8162,T,T,,False,False,0
1992,NA,8163,G,G,,False,False,0
1993,NA,8164,A,A,,False,False,0
1994,NA,8165,A,A,,False,False,0
1995,NA,8166,G,G,,False,False,0
1996,607,8167,A,A,,False,False,0
1997,608,8168,A,C,,False,False,0
1998,NA,8169,T,T,,True,False,0
1999,NA,8170,C,C,,True,False,0
2000,NA,8171,G,G,,True,False,0
2001,NA,8172,C,C,,True,False,0
2002,NA,8173,A,A,,True,False,0
2003,609,8174,G,A,,True,False,0
2004,NA,8175,A,A,,False,False,0
2005,NA,8176,A,A,,False,False,0
2006,610,8177,C,C,,False,False,0
2007,NA,8178,C,C,,False,False,0
2008,NA,8179,A,A,,False,False,0
2009,NA,8180,G,G,,False,False,0
2010,NA,8181,C,C,,True,False,0
2011,611,8182,A,A,,True,False,0
2012,NA,8183,G,G,,True,False,0
2013,NA,8184,G,G,,False,False,0
2014,NA,8185,A,A,,False,False,0
2015,612,8186,A,A,,False,False,0
2016,NA,8187,A,A,,False,False,0
2017,613,8188,A,A,,False,False,0
2018,614,8189,A,A,,False,False,0
2019,NA,8190,A,A,,False,False,0
2020,NA,8191,A,A,,False,False,0
2021,NA,8192,T,T,,False,False,0
2022,NA,8193,G,G,,True,False,0
2023,NA,8194,A,A,,True,False,0
2024,NA,8195,A,A,,True,False,0
2025,NA,8196,A,A,,False,False,0
2026,NA,8197,A,A,,False,False,0
2027,615,8198,A,A,,False,False,0
2028,NA,8199,G,G,,False,False,0
2029,NA,8200,A,A,,False,False,0
2030,NA,8201,T,T,,False,False,0
2031,NA,8202,T,T,,True,False,0
2032,NA,8203,T,T,,True,False,0
2033,NA,8204,A,A,,True,False,0
2034,NA,8205,C,T,,True,False,0
2035,NA,8206,T,T,,True,False,0
2036,NA,8207,A,A,,True,False,0
2037,NA,8208,G,G,,False,False,0
2038,NA,8209,C,C,,False,False,0
2039,NA,8210,A,A,,False,False,0
2040,NA,8211,T,T,,False,False,0
2041,NA,8212,T,T,,False,False,0
2042,NA,8213,G,G,,False,False,0
2043,NA,8214,G,G,,False,False,0
2044,NA,8215,A,A,,False,False,0
2045,616,8216,T,C,,False,False,0
2046,NA,8217,A,A,,False,False,0
2047,NA,8218,G,G,,False,False,0
2048,NA,8219,T,T,,False,False,0
2049,NA,8220,T,T,,False,False,0
2050,NA,8221,G,G,,False,False,0
2051,NA,8222,G,G,,False,False,0
2052,NA,8223,A,A,,False,False,0
2053,NA,8224,A,A,,False,False,0
2054,NA,8225,C,A,,False,False,0
2055,NA,8226,A,A,,False,False,0
2056,617,8227,G,A,,False,False,0
2057,NA,8228,T,T,,False,False,0
2058,NA,8229,C,C,,False,False,0
2059,NA,8230,T,T,,False,False,0
2060,NA,8231,G,G,,False,False,0
2061,NA,8232,T,T,,False,False,0
2062,NA,8233,G,G,,False,False,0
2063,NA,8234,G,G,,False,False,0
2064,NA,8235,A,A,,False,False,0
2065,618,8236,A,A,,False,False,0
2066,NA,8237,T,T,,False,False,0
2067,NA,8238,T,T,,False,False,0
2068,NA,8239,G,G,,False,False,0
2069,NA,8240,G,G,,False,False,0
2070,NA,8241,T,T,,False,False,0
2071,NA,8242,T,T,,False,False,0
2072,NA,8243,T,T,,False,False,0
2073,619,8244,A,A,,False,False,0
2074,620,8245,G,A,,False,False,0
2075,NA,8246,C,C,,False,False,0
2076,NA,8247,A,A,,False,False,0
2077,NA,8248,T,T,,False,False,0
2078,NA,8249,A,A,,False,False,0
2079,NA,8250,T,A,,False,False,0
2080,NA,8251,C,C,,False,False,0
2081,NA,8252,A,A,,False,False,0
2082,NA,8253,A,A,,False,False,0
2083,621,8254,C,A,,False,False,0
2084,622,8255,A,T,,False,False,0
2085,NA,8256,T,T,,False,False,0
2086,NA,8257,G,G,,False,False,0
2087,NA,8258,G,G,,False,False,0
2088,NA,8259,C,C,,False,False,0
2089,NA,8260,T,T,,False,False,0
2090,623,8261,G,G,,False,False,0
2091,NA,8262,T,T,,False,False,0
2092,NA,8263,G,G,,False,False,0
2093,NA,8264,G,G,,False,False,0
2094,NA,8265,T,T,,False,False,0
2095,NA,8266,A,A,,False,False,0
2096,NA,8267,T,T,,False,False,0
2097,624,8268,A,A,,False,False,0
2098,NA,8269,T,T,,False,False,0
2099,NA,8270,A,A,,False,False,0
2100,NA,8271,A,A,,False,False,0
2101,625,8272,G,A,,False,False,0
2102,NA,8273,A,A,,False,False,0
2103,NA,8274,A,A,,False,False,0
2104,NA,8275,T,T,,False,False,0
2105,NA,8276,A,A,,False,False,0
2106,NA,8277,T,T,,False,False,0
2107,NA,8278,T,T,,False,False,0
2108,NA,8279,C,C,,False,False,0
2109,626,8280,G,A,,False,False,0
2110,NA,8281,T,T,,False,False,0
2111,NA,8282,A,A,,False,False,0
2112,NA,8283,A,A,,False,False,0
2113,NA,8284,T,T,,False,False,0
2114,627,8285,G,G,,False,False,0
2115,NA,8286,A,A,,False,False,0
2116,NA,8287,T,T,,False,False,0
2117,NA,8288,A,A,,False,False,0
2118,NA,8289,G,G,,False,False,0
2119,NA,8290,T,T,,False,False,0
2120,NA,8291,A,A,,False,False,0
2121,NA,8292,G,G,,False,False,0
2122,NA,8293,G,G,,False,False,0
2123,NA,8294,A,A,,False,False,0
2124,NA,8295,G,G,,False,False,0
2125,NA,8296,G,G,,False,False,0
2126,NA,8297,C,C,,False,False,0
2127,NA,8298,T,T,,False,False,0
2128,NA,8299,T,T,,False,False,0
2129,628,8300,G,G,,False,False,0
2130,NA,8301,A,A,,False,False,0
2131,NA,8302,T,T,,False,False,0
2132,NA,8303,A,A,,False,False,0
2133,NA,8304,G,G,,False,False,0
2134,629,8305,G,G,,False,False,0
2135,630,8306,T,T,,False,False,0
2136,NA,8307,T,T,,False,False,0
2137,NA,8308,T,T,,False,False,0
2138,NA,8309,A,A,,False,False,0
2139,NA,8310,A,A,,False,False,0
2140,NA,8311,G,G,,False,False,0
2141,NA,8312,A,A,,False,False,0
2142,NA,8313,A,A,,False,False,0
2143,NA,8314,T,T,,False,False,0
2144,NA,8315,A,A,,False,False,0
2145,NA,8316,A,A,,False,False,0
2146,NA,8317,T,T,,False,False,0
2147,NA,8318,T,T,,False,False,0
2148,NA,8319,T,T,,False,False,0
2149,NA,8320,T,T,,False,False,0
2150,NA,8321,T,T,,False,False,0
2151,NA,8322,G,G,,False,False,0
2152,631,8323,C,C,,False,False,0
2153,NA,8324,T,T,,False,False,0
2154,NA,8325,G,G,,False,False,0
2155,NA,8326,T,T,,False,False,0
2156,NA,8327,G,G,,False,False,0
2157,632,8328,C,C,,False,False,0
2158,NA,8329,T,T,,False,False,0
2159,NA,8330,C,C,,False,False,0
2160,NA,8331,T,T,,False,False,0
2161,NA,8332,C,C,,False,False,0
2162,633,8333,T,T,,False,False,0
2163,634,8334,A,A,,False,False,0
2164,NA,8335,T,T,,False,False,0
2165,NA,8336,A,A,,False,False,0
2166,NA,8337,G,G,,False,False,0
2167,NA,8338,T,T,,False,False,0
2168,635,8339,G,G,,False,False,0
2169,NA,8340,A,A,,False,False,0
2170,NA,8341,A,A,,False,False,0
2171,NA,8342,T,T,,False,False,0
2172,NA,8343,A,A,,False,False,0
2173,NA,8344,G,G,,False,False,0
2174,NA,8345,A,A,,False,False,0
2175,NA,8346,G,G,,False,False,0
2176,NA,8347,T,T,,False,False,0
2177,NA,8348,T,T,,False,False,0
2178,NA,8349,A,A,,False,False,0
2179,NA,8350,G,G,,False,False,0
2180,NA,8351,G,G,,False,False,0
2181,NA,8352,C,C,,False,False,0
2182,NA,8353,A,A,,False,False,0
2183,NA,8354,G,G,,False,False,0
2184,NA,8355,G,G,,False,False,0
2185,NA,8356,G,G,,False,False,0
2186,NA,8357,A,A,,False,False,0
2187,NA,8358,T,T,,False,False,0
2188,NA,8359,A,A,,False,False,0
2189,NA,8360,C,C,,False,False,0
2190,NA,8361,T,T,,False,False,0
2191,NA,8362,C,C,,False,False,0
2192,NA,8363,A,A,,False,False,0
2193,NA,8364,C,C,,False,False,0
2194,NA,8365,C,C,,False,False,0
2195,NA,8366,T,T,,False,False,0
2196,NA,8367,T,T,,False,False,0
2197,NA,8368,T,T,,False,False,0
2198,NA,8369,G,G,,False,False,0
2199,NA,8370,T,T,,False,False,0
2200,NA,8371,C,C,,False,False,0
2201,636,8372,G,G,,False,False,0
2202,NA,8373,T,T,,False,False,0
2203,NA,8374,T,T,,False,False,0
2204,NA,8375,T,T,,False,False,0
2205,NA,8376,C,C,,False,False,0
2206,NA,8377,A,A,,False,False,0
2207,NA,8378,G,G,,False,False,0
2208,NA,8379,A,A,,False,False,0
2209,NA,8380,C,C,,False,False,0
2210,NA,8381,C,C,,False,False,0
2211,NA,8382,C,C,,False,False,0
2212,NA,8383,T,T,,False,False,0
2213,637,8384,T,T,,False,False,0
2214,NA,8385,A,A,,False,False,0
2215,NA,8386,C,C,,False,False,0
2216,NA,8387,C,C,,False,False,0
2217,NA,8388,C,C,,False,False,0
2218,NA,8389,C,C,,False,False,0
2219,NA,8390,A,A,,False,False,0
2220,NA,8391,A,A,,False,False,0
2221,NA,8392,A,A,,False,False,0
2222,NA,8393,C,C,,False,False,0
2223,638,8394,C,C,,False,False,0
2224,639,8395,A,C,,False,False,0
2225,NA,8396,G,G,,False,False,0
2226,NA,8397,A,A,,False,False,0
2227,NA,8398,G,G,,False,False,0
2228,NA,8399,G,G,,False,False,0
2229,NA,8400,G,G,,False,False,0
2230,640,8401,G,G,,False,False,0
2231,NA,8402,A,A,,False,False,0
2232,NA,8403,C,C,,False,False,0
2233,641,8404,C,C,,False,False,0
2234,NA,8405,C,C,,False,False,0
2235,NA,8406,G,G,,False,False,0
2236,NA,8407,A,A,,False,False,0
2237,NA,8408,C,C,,False,False,0
2238,NA,8409,A,A,,False,False,0
2239,NA,8410,G,G,,False,False,0
2240,NA,8411,G,G,,False,False,0
2241,NA,8412,C,C,,False,False,0
2242,NA,8413,T,T,,False,False,0
2243,NA,8414,C,C,,False,False,0
2244,NA,8415,G,G,,False,False,0
2245,NA,8416,G,G,,False,False,0
2246,NA,8417,A,A,,False,False,0
2247,642,8418,A,A,,False,False,0
2248,643,8419,A,G,,False,False,0
2249,644,8420,A,A,,False,False,0
2250,NA,8421,A,A,,False,False,0
2251,NA,8422,T,T,,False,False,0
2252,NA,8423,C,C,,False,False,0
2253,645,8424,G,G,,False,False,0
2254,NA,8425,A,A,,False,False,0
2255,646,8426,A,A,,False,False,0
2256,NA,8427,G,G,,False,False,0
2257,NA,8428,A,A,,False,False,0
2258,NA,8429,A,A,,False,False,0
2259,NA,8430,G,G,,False,False,0
2260,NA,8431,A,A,,False,False,0
2261,NA,8432,A,A,,False,False,0
2262,NA,8433,G,G,,False,False,0
2263,NA,8434,G,G,,False,False,0
2264,NA,8435,T,T,,False,False,0
2265,NA,8436,G,G,,False,False,0
2266,NA,8437,G,G,,False,False,0
2267,NA,8438,A,A,,False,False,0
2268,NA,8439,G,G,,False,False,0
2269,647,8440,A,A,,False,False,0
2270,648,8441,G,G,,False,False,0
2271,NA,8442,C,C,,False,False,0
2272,649,8443,A,A,,False,False,0
2273,NA,8444,A,A,,False,False,0
2274,NA,8445,G,G,,False,False,0
2275,650,8446,A,A,,False,False,0
2276,NA,8447,C,C,,False,False,0
2277,NA,8448,A,A,,False,False,0
2278,NA,8449,G,G,,False,False,0
2279,NA,8450,A,A,,False,False,0
2280,651,8451,G,G,,False,False,0
2281,652,8452,G,A,,False,False,0
2282,NA,8453,C,C,,False,False,0
2283,653,8454,A,A,,False,False,0
2284,NA,8455,G,G,,False,False,0
2285,NA,8456,A,A,,False,False,0
2286,NA,8457,T,T,,False,False,0
2287,NA,8458,C,C,,False,False,0
2288,NA,8459,C,C,,False,False,0
2289,654,8460,G,A,,False,False,0
2290,NA,8461,T,T,,False,False,0
2291,655,8462,A,T,,False,False,0
2292,656,8463,C,C,,False,False,0
2293,NA,8464,G,G,,False,False,0
2294,657,8465,C,A,,False,False,0
2295,NA,8466,T,T,,False,False,0
2296,NA,8467,T,T,,False,False,0
2297,NA,8468,A,A,,False,False,0
2298,NA,8469,G,G,,False,False,0
2299,NA,8470,T,T,,False,False,0
2300,NA,8471,G,G,,False,False,0
2301,NA,8472,A,A,,False,False,0
2302,658,8473,A,A,,False,False,0
2303,659,8474,C,C,,False,False,0
2304,NA,8475,G,G,,False,False,0
2305,NA,8476,G,G,,False,False,0
2306,NA,8477,A,A,,False,False,0
2307,NA,8478,T,T,,False,False,0
2308,NA,8479,T,T,,False,False,0
2309,NA,8480,C,C,,False,False,0
2310,NA,8481,T,T,,False,False,0
2311,NA,8482,T,T,,False,False,0
2312,660,8483,A,A,,False,False,0
2313,661,8484,G,G,,False,False,0
2314,NA,8485,C,C,,False,False,0
2315,662,8486,A,A,,False,False,0
2316,NA,8487,C,C,,False,False,0
2317,NA,8488,T,T,,False,False,0
2318,NA,8489,T,T,,False,False,0
2319,663,8490,G,G,,False,False,0
2320,664,8491,T,C,,False,False,0
2321,NA,8492,C,C,,False,False,0
2322,NA,8493,T,T,,False,False,0
2323,NA,8494,G,G,,False,False,0
2324,NA,8495,G,G,,False,False,0
2325,665,8496,G,G,,False,False,0
2326,NA,8497,A,A,,False,False,0
2327,666,8498,C,C,,False,False,0
2328,NA,8499,G,G,,False,False,0
2329,NA,8500,A,A,,False,False,0
2330,NA,8501,C,T,,False,False,0
2331,NA,8502,C,C,,False,False,0
2332,NA,8503,T,T,,False,False,0
2333,NA,8504,G,G,,False,False,0
2334,667,8505,C,C,,False,False,0
2335,NA,8506,G,G,,False,False,0
2336,NA,8507,G,G,,False,False,0
2337,NA,8508,A,A,,False,False,0
2338,NA,8509,G,G,,False,False,0
2339,NA,8510,C,C,,False,False,0
2340,NA,8511,C,C,,False,False,0
2341,NA,8512,T,T,,False,False,0
2342,NA,8513,G,G,,False,False,0
2343,NA,8514,T,T,,False,False,0
2344,NA,8515,G,G,,False,False,0
2345,NA,8516,C,C,,False,False,0
2346,NA,8517,C,C,,False,False,0
2347,NA,8518,T,T,,False,False,0
2348,NA,8519,C,C,,False,False,0
2349,NA,8520,T,T,,False,False,0
2350,NA,8521,T,T,,False,False,0
2351,668,8522,C,C,,False,False,0
2352,669,8523,G,A,,False,False,0
2353,NA,8524,G,G,,False,False,0
2354,NA,8525,C,C,,False,False,0
2355,NA,8526,T,T,,False,False,0
2356,NA,8527,A,A,,False,False,0
2357,NA,8528,C,C,,False,False,0
2358,NA,8529,C,C,,False,False,0
2359,NA,8530,A,A,,False,False,0
2360,NA,8531,C,C,,False,False,0
2361,NA,8532,C,C,,False,False,0
2362,670,8533,A,G,,False,False,0
2363,671,8534,C,A,,False,False,0
2364,NA,8535,T,T,,False,False,0
2365,NA,8536,T,T,,False,False,0
2366,NA,8537,G,G,,False,False,0
2367,NA,8538,A,A,,False,False,0
2368,NA,8539,G,G,,False,False,0
2369,672,8540,A,A,,False,False,0
2370,NA,8541,G,G,,False,False,0
2371,NA,8542,A,A,,False,False,0
2372,NA,8543,C,C,,False,False,0
2373,NA,8544,T,T,,False,False,0
2374,NA,8545,T,T,,False,False,0
2375,NA,8546,C,C,,False,False,0
2376,673,8547,A,A,,False,False,0
2377,674,8548,C,T,,False,False,0
2378,NA,8549,A,A,,False,False,0
2379,NA,8550,T,T,,False,False,0
2380,NA,8551,T,T,,False,False,0
2381,675,8552,G,G,,False,False,0
2382,NA,8553,A,G,,False,False,0
2383,NA,8554,T,T,,False,False,0
2384,NA,8555,T,G,,False,False,0
2385,NA,8556,G,G,,False,False,0
2386,NA,8557,C,C,,False,False,0
2387,NA,8558,A,A,,False,False,0
2388,NA,8559,G,G,,False,False,0
2389,676,8560,C,C,,False,False,0
2390,NA,8561,G,G,,False,False,0
2391,NA,8562,A,A,,False,False,0
2392,NA,8563,G,G,,False,False,0
2393,NA,8564,A,A,,False,False,0
2394,NA,8565,G,G,,False,False,0
2395,NA,8566,C,C,,False,False,0
2396,NA,8567,A,A,,False,False,0
2397,677,8568,G,G,,False,False,0
2398,NA,8569,T,T,,False,False,0
2399,NA,8570,G,G,,False,False,0
2400,NA,8571,G,G,,False,False,0
2401,NA,8572,A,A,,False,False,0
2402,NA,8573,A,A,,False,False,0
2403,NA,8574,C,C,,False,False,0
2404,678,8575,T,T,,False,False,0
2405,679,8576,T,T,,False,False,0
2406,NA,8577,C,C,,False,False,0
2407,NA,8578,T,T,,False,False,0
2408,NA,8579,G,G,,False,False,0
2409,NA,8580,G,G,,False,False,0
2410,680,8581,G,G,,False,False,0
2411,NA,8582,A,A,,False,False,0
2412,NA,8583,C,C,,False,False,0
2413,681,8584,G,G,,False,False,0
2414,NA,8585,C,C,,False,False,0
2415,NA,8585a,A,A,,False,False,0
2416,682,8585b,G,G,,False,False,0
2417,NA,8585c,C,C,,False,False,0
2418,NA,8585d,A,A,,False,False,0
2419,683,8585e,T,G,,False,False,0
2420,NA,8585f,T,T,,False,False,0
2421,NA,8585g,C,C,,False,False,0
2422,NA,8585h,T,T,,False,False,0
2423,NA,8585i,C,C,,False,False,0
2424,684,8585j,A,A,,False,False,0
2425,NA,8585k,A,G,,False,False,0
2426,NA,8585l,G,G,,False,False,0
2427,NA,8585m,G,G,,False,False,0
2428,NA,8585n,G,G,,False,False,0
2429,685,8585o,A,A,,False,False,0
2430,NA,8585p,C,C,,False,False,0
2431,NA,8585q,T,T,,False,False,0
2432,NA,8585r,A,A,,False,False,0
2433,NA,8585s,C,C,,False,False,0
2434,NA,8585t,A,A,,False,False,0
2435,686,8585u,G,G,,False,False,0
2436,NA,8586,A,A,,False,False,0
2437,NA,8587,G,G,,False,False,0
2438,687,8588,G,G,,False,False,0
2439,NA,8589,G,G,,False,False,0
2440,NA,8590,G,G,,False,False,0
2441,688,8591,G,G,,False,False,0
2442,NA,8592,T,T,,False,False,0
2443,NA,8593,G,G,,False,False,0
2444,NA,8594,G,G,,False,False,0
2445,689,8595,G,G,,False,False,0
2446,NA,8596,A,A,,False,False,0
2447,690,8597,A,A,,False,False,0
2448,691,8598,G,G,,False,False,0
2449,692,8599,C,C,,False,False,0
2450,NA,8600,C,C,,False,False,0
2451,693,8601,C,C,,False,False,0
2452,NA,8602,T,T,,False,False,0
2453,NA,8603,T,T,,False,False,0
2454,NA,8604,A,A,,False,False,0
2455,NA,8605,A,A,,False,False,0
2456,NA,8606,G,G,,False,False,0
2457,NA,8607,T,T,,False,False,0
2458,NA,8608,A,A,,False,False,0
2459,694,8609,T,T,,False,False,0
2460,NA,8610,C,C,,False,False,0
2461,NA,8611,T,T,,False,False,0
2462,NA,8612,G,G,,False,False,0
2463,NA,8613,G,G,,False,False,0
2464,NA,8614,G,G,,False,False,0
2465,695,8615,A,A,,False,False,0
2466,696,8616,A,A,,False,False,0
2467,697,8617,G,G,,False,False,0
2468,698,8618,T,T,,False,False,0
2469,699,8619,C,C,,False,False,0
2470,NA,8620,T,T,,False,False,0
2471,NA,8621,T,T,,False,False,0
2472,NA,8622,G,G,,False,False,0
2473,NA,8623,T,T,,False,False,0
2474,NA,8624,G,G,,False,False,0
2475,NA,8625,C,C,,False,False,0
2476,NA,8626,A,A,,False,False,0
2477,NA,8627,G,G,,False,False,0
2478,NA,8628,T,T,,False,False,0
2479,NA,8629,A,A,,False,False,0
2480,700,8630,C,T,,False,False,0
2481,NA,8631,T,T,,False,False,0
2482,NA,8632,G,G,,False,False,0
2483,NA,8633,G,G,,False,False,0
2484,NA,8634,G,G,,False,False,0
2485,NA,8635,G,G,,False,False,0
2486,701,8636,T,T,,False,False,0
2487,NA,8637,C,C,,False,False,0
2488,NA,8638,T,T,,False,False,0
2489,702,8639,G,G,,False,False,0
2490,NA,8640,G,G,,False,False,0
2491,NA,8641,A,A,,False,False,0
2492,703,8642,A,G,,False,False,0
2493,704,8643,C,C,,False,False,0
2494,NA,8644,T,T,,False,False,0
2495,NA,8645,A,A,,False,False,0
2496,NA,8646,A,A,,False,False,0
2497,705,8647,A,A,,False,False,0
2498,NA,8648,A,A,,False,False,0
2499,706,8649,G,A,,False,False,0
2500,707,8650,G,A,,False,False,0
2501,NA,8651,G,G,,False,False,0
2502,NA,8652,A,A,,False,False,0
2503,NA,8653,G,G,,False,False,0
2504,708,8654,T,T,,False,False,0
2505,NA,8655,G,G,,False,False,0
2506,NA,8656,C,C,,False,False,0
2507,NA,8657,T,T,,False,False,0
2508,709,8658,A,A,,False,False,0
2509,710,8659,T,T,,False,False,0
2510,NA,8660,T,T,,False,False,0
2511,NA,8661,A,A,,False,False,0
2512,711,8662,G,G,,False,False,0
2513,NA,8663,T,T,,False,False,0
2514,NA,8664,C,C,,False,False,0
2515,NA,8665,T,T,,False,False,0
2516,NA,8666,G,G,,False,False,0
2517,712,8667,C,C,,False,False,0
2518,NA,8668,T,T,,False,False,0
2519,NA,8669,T,T,,False,False,0
2520,NA,8670,G,G,,False,False,0
2521,NA,8671,A,A,,False,False,0
2522,713,8672,T,T,,False,False,0
2523,NA,8673,A,A,,False,False,0
2524,NA,8674,C,C,,False,False,0
2525,NA,8675,C,C,,False,False,0
2526,714,8676,A,A,,False,False,0
2527,NA,8677,T,T,,False,False,0
2528,NA,8678,A,A,,False,False,0
2529,715,8679,G,G,,False,False,0
2530,NA,8680,C,C,,False,False,0
2531,716,8681,A,A,,False,False,0
2532,NA,8682,A,A,,False,False,0
2533,717,8683,T,T,,False,False,0
2534,718,8684,A,A,,False,True,0
2535,719,8685,G,G,,False,True,0
2536,720,8686,C,C,,False,True,0
2537,721,8687,A,A,,False,True,0
2538,722,8688,G,G,,False,True,0
2539,723,8689,T,T,,False,True,0
2540,724,8690,A,A,,False,True,0
2541,725,8691,G,G,,False,True,0
2542,726,8692,C,C,,False,True,0
2543,727,8693,T,T,,False,True,0
2544,728,8694,G,G,,False,True,0
2545,729,8695,A,A,,False,True,0
2546,730,8696,A,A,,False,True,0
2547,731,8697,G,G,,False,True,0
2548,732,8698,G,G,,False,True,0
2549,733,8699,A,A,,False,True,0
2550,734,8700,A,A,,False,True,0
2551,735,8701,C,C,,False,True,0
2552,736,8702,A,A,,False,True,0
2553,737,8703,G,G,,False,True,0
2554,738,8704,A,A,,False,True,0
2555,739,8705,T,T,,False,True,0
2556,740,8706,A,A,,False,True,0
2557,741,8707,G,G,,False,True,0
2558,742,8708,G,G,,False,True,0
2559,743,8709,A,A,,False,True,0
2560,744,8710,T,T,,False,True,0
2561,745,8711,T,T,,False,True,0
2562,746,8712,C,A,,False,True,0
2563,747,8713,T,T,,False,True,0
2564,748,8714,A,A,,False,True,0
2565,749,8715,G,G,,False,True,0
2566,750,8716,A,A,,False,True,0
2567,751,8717,A,A,,False,True,0
2568,752,8718,T,T,,False,True,0
2569,753,8719,T,T,,False,True,0
2570,754,8720,C,A,,False,True,0
2571,755,8721,A,A,,False,True,0
2572,756,8722,T,T,,False,True,0
2573,757,8723,A,A,,False,True,0
2574,758,8724,C,C,,False,True,0
2575,759,8725,A,A,,False,True,0
2576,760,8726,A,A,,False,True,0
2577,761,8727,A,A,,False,True,0
2578,762,8728,G,G,,False,True,0
2579,763,8729,A,A,,False,True,0
2580,764,8730,T,A,,False,True,0
2581,765,8731,T,T,,False,True,0
2582,766,8732,T,T,,False,True,0
2583,767,8733,T,T,,False,True,0
2584,768,8734,G,G,,False,True,0
2585,769,8735,T,T,,False,True,0
2586,770,8736,A,A,,False,True,0
2587,771,8737,G,G,,False,True,0
2588,772,8738,A,A,,False,True,0
2589,773,8739,G,G,,False,True,0
2590,774,8740,C,C,,False,True,0
2591,775,8741,T,T,,False,True,0
2592,776,8742,G,A,,False,True,0
2593,777,8743,T,T,,False,True,0
2594,778,8744,C,C,,False,True,0
2595,779,8745,C,C,,False,True,0
2596,780,8746,T,G,,False,True,0
2597,781,8747,C,C,,False,True,0
2598,782,8748,A,A,,False,True,0
2599,783,8749,A,A,,False,True,0
2600,784,8750,C,C,,False,True,0
2601,785,8751,C,A,,False,True,0
2602,786,8752,T,T,,False,True,0
2603,787,8753,A,A,,False,True,0
2604,788,8754,C,C,,False,True,0
2605,789,8755,C,C,,False,True,0
2606,790,8756,T,T,,False,True,0
2607,791,8757,A,A,,False,True,0
2608,792,8758,G,G,,False,True,0
2609,793,8759,A,A,,False,True,0
2610,794,8760,A,A,,False,True,0
2611,795,8761,G,G,,False,True,0
2612,796,8762,A,A,,False,True,0
2613,797,8763,G,A,,False,True,0
2614,798,8764,T,T,,False,True,0
2615,799,8765,A,A,,False,True,0
2616,800,8766,A,A,,False,True,0
2617,801,8767,G,G,,False,True,0
2618,802,8768,A,A,,False,True,0
2619,803,8769,C,C,,False,True,0
2620,804,8770,A,A,,False,True,0
2621,805,8771,G,G,,False,True,0
2622,806,8772,G,G,,False,True,0
2623,807,8773,G,G,,False,True,0
2624,808,8774,C,C,,False,True,0
2625,809,8775,T,T,,False,True,0
2626,810,8776,T,T,,False,True,0
2627,811,8777,T,T,,False,True,0
2628,812,8778,G,G,,False,True,0
2629,813,8779,A,A,,False,True,0
2630,814,8780,A,A,,False,True,0
2631,815,8781,G,G,,False,True,0
2632,816,8782,C,C,,False,True,0
2633,817,8783,A,A,,False,True,0
2634,818,8784,G,G,,False,True,0
2635,819,8785,C,C,,False,True,0
2636,820,8786,T,T,,False,True,0
2637,821,8787,T,T,,False,True,0
2638,822,8788,T,T,,False,True,0
2639,823,8789,G,G,,False,True,0
2640,824,8790,C,C,,False,True,0
2641,825,8791,T,T,,False,True,0
2642,826,8792,G,A,,False,True,0
2643,827,8793,T,T,,False,True,0
2644,828,8794,A,A,,False,True,0
2645,829,8795,A,A,,False,True,0
