alignment,polymorphic,HXB2,TF,consensus,epitope,exposed,edge_gap,flanking,SU
0,0.0,6225,A,A,,False,True,0,A
1,1.0,6226,T,T,,False,True,0,T
2,2.0,6227,G,G,,False,True,0,G
3,3.0,6228,A,A,,False,True,0,A
4,4.0,6229,G,G,,False,True,0,C
5,5.0,6230,A,A,,False,True,0,A
6,6.0,6231,G,G,,False,True,0,G
7,7.0,6232,T,T,,False,True,0,T
8,8.0,6233,G,G,,False,True,0,G
9,9.0,6234,A,A,,False,True,0,A
10,10.0,6235,G,G,,False,True,0,C
11,11.0,6236,G,G,,False,True,0,G
12,12.0,6237,G,G,,False,True,0,G
13,13.0,6238,G,G,,False,True,0,G
14,14.0,6239,G,G,,False,True,0,G
15,15.0,6239a,A,A,,False,True,0,A
16,16.0,6239b,T,T,,False,True,0,C
17,17.0,6239c,A,A,,False,True,0,A
18,18.0,6239d,C,C,,False,True,0,T
19,19.0,6239e,A,T,,False,True,0,G
20,20.0,6239f,G,G,,False,True,0,G
21,21.0,6239g,A,A,,False,True,0,A
22,22.0,6239h,G,G,,False,True,0,G
23,23.0,6239i,G,G,,False,True,0,G
24,24.0,6240,A,A,,False,True,0,A
25,25.0,6241,A,A,,False,True,0,A
26,26.0,6242,T,T,,False,True,0,T
27,27.0,6243,T,T,,False,True,0,T
28,28.0,6244,G,G,,False,True,0,A
29,29.0,6245,G,T,,False,True,0,T
30,30.0,6246,C,C,,False,True,0,C
31,31.0,6247,C,A,,False,True,0,A
32,32.0,6248,A,A,,False,True,0,A
33,33.0,6249,C,C,,False,True,0,C
34,34.0,6250,A,A,,False,True,0,A
35,35.0,6251,C,A,,False,True,0,A
36,36.0,6252,T,T,,False,True,0,T
37,37.0,6253,G,G,,False,True,0,G
38,38.0,6254,G,G,,False,True,0,G
39,39.0,6255,T,T,,False,True,0,T
40,40.0,6256,G,G,,False,True,0,G
41,41.0,6257,G,G,,False,True,0,G
42,,6258,-,-,,False,False,0,-
43,,6259,-,-,,False,False,0,-
44,,6260,-,-,,False,False,0,-
45,,6261,-,-,,False,False,0,-
46,,6262,-,-,,False,False,0,-
47,,6263,-,-,,False,False,0,-
48,,6264,-,-,,False,False,0,-
49,,6265,-,-,,False,False,0,-
50,,6266,-,-,,False,False,0,-
51,,6267,-,-,,False,False,0,-
52,,6268,-,-,,False,False,0,-
53,,6269,-,-,,False,False,0,-
54,42.0,6270,A,A,,False,True,0,A
55,43.0,6271,T,T,,False,True,0,T
56,44.0,6272,A,A,,False,True,0,A
57,45.0,6273,T,T,,False,True,0,T
58,46.0,6274,G,G,,False,True,0,G
59,47.0,6275,G,G,,False,True,0,G
60,48.0,6276,G,G,,False,True,0,G
61,49.0,6277,G,G,,False,True,0,G
62,50.0,6278,A,C,,False,True,0,A
63,51.0,6279,A,A,,False,True,0,A
64,52.0,6280,T,T,,False,True,0,T
65,53.0,6281,C,C,,False,True,0,C
66,54.0,6282,T,T,,False,True,0,T
67,55.0,6283,T,T,,False,True,0,T
68,56.0,6284,A,A,,False,True,0,A
69,57.0,6285,G,G,,False,True,0,G
70,58.0,6286,G,G,,False,True,0,G
71,59.0,6287,C,C,,False,True,0,C
72,60.0,6288,T,T,,False,True,0,T
73,61.0,6289,T,T,,False,True,0,T
74,62.0,6290,T,T,,False,True,0,T
75,63.0,6291,T,T,,False,True,0,T
76,64.0,6292,G,G,,False,True,0,G
77,65.0,6293,G,G,,False,True,0,G
78,,6294,A,A,,False,False,0,A
79,,6295,T,T,,False,False,0,T
80,,6296,G,G,,False,False,0,G
81,66.0,6297,C,T,,False,False,0,C
82,,6298,T,T,,False,False,0,T
83,,6299,A,A,,False,False,0,A
84,,6300,A,A,,False,False,0,A
85,,6301,T,T,,False,False,0,T
86,67.0,6302,A,G,,False,False,0,G
87,,6303,A,A,,False,False,0,A
88,,6304,T,T,,False,False,0,T
89,,6305,T,T,,False,False,0,T
90,,6306,T,T,,False,False,0,T
91,,6307,G,G,,False,False,0,G
92,,6308,T,T,,False,False,0,T
93,68.0,6309,A,A,,False,False,0,A
94,69.0,6310,A,A,,False,False,0,A
95,70.0,6311,T,T,,False,False,0,T
96,71.0,6312,G,G,,False,False,0,G
97,72.0,6313,G,T,,False,False,0,G
98,73.0,6314,A,G,,False,False,0,C
99,,6315,-,G,,False,False,0,-
100,,6316,-,T,,False,False,0,-
101,,6317,-,G,,False,False,0,-
102,74.0,6318,A,G,,True,False,0,-
103,75.0,6319,A,G,,True,False,0,-
104,76.0,6320,G,G,,True,False,0,-
105,77.0,6321,G,A,,True,False,0,-
106,78.0,6322,A,A,,True,False,0,-
107,79.0,6323,G,C,,True,False,0,-
108,,6324,T,T,,False,False,0,T
109,80.0,6325,C,T,,False,False,0,T
110,,6326,G,G,,False,False,0,G
111,,6327,T,T,,False,False,0,T
112,,6328,G,G,,False,False,0,G
113,,6329,G,G,,False,False,0,G
114,,6330,G,G,,False,False,0,G
115,,6331,T,T,,False,False,0,T
116,81.0,6332,C,C,,False,False,0,T
117,,6333,A,A,,False,False,0,A
118,,6334,C,C,,False,False,0,C
119,,6335,A,A,,False,False,0,A
120,,6336,G,G,,False,False,0,G
121,,6337,T,T,,False,False,0,T
122,82.0,6338,C,C,,False,False,0,C
123,,6339,T,T,,False,False,0,T
124,,6340,A,A,,False,False,0,A
125,,6341,C,T,,False,False,0,C
126,,6342,T,T,,False,False,0,T
127,,6343,A,A,,False,False,0,A
128,83.0,6344,T,T,,False,False,0,T
129,,6345,G,G,,False,False,0,G
130,,6346,G,G,,False,False,0,G
131,,6347,G,G,,False,False,0,G
132,,6348,G,G,,False,False,0,G
133,,6349,T,T,,False,False,0,T
134,,6350,A,A,,False,False,0,A
135,,6351,C,C,,False,False,0,C
136,,6352,C,C,,False,False,0,C
137,,6353,T,T,,False,False,0,T
138,,6354,G,G,,False,False,0,G
139,,6355,T,T,,False,False,0,T
140,,6356,G,G,,False,False,0,G
141,,6357,T,T,,False,False,0,T
142,,6358,G,G,,False,False,0,G
143,,6359,G,G,,False,False,0,G
144,,6360,A,A,,False,False,0,A
145,84.0,6361,G,A,,False,False,0,G
146,85.0,6362,G,A,,False,False,0,A
147,,6363,G,G,,True,False,0,G
148,,6364,A,A,,True,False,0,A
149,,6365,A,A,,True,False,0,A
150,,6366,G,G,,True,False,0,G
151,,6367,C,C,,True,False,0,C
152,,6368,A,A,,True,False,0,A
153,,6369,A,A,,True,False,0,A
154,86.0,6370,A,A,,True,False,0,A
155,,6371,A,A,,True,False,0,A
156,,6372,A,A,,False,False,0,A
157,,6373,C,C,,False,False,0,C
158,,6374,T,T,,False,False,0,T
159,,6375,A,A,,False,False,0,A
160,,6376,C,C,,False,False,0,C
161,,6377,T,T,,False,False,0,T
162,,6378,C,C,,False,False,0,C
163,,6379,T,T,,False,False,0,T
164,,6380,A,A,,False,False,0,A
165,,6381,T,T,,False,False,0,T
166,,6382,T,T,,False,False,0,T
167,87.0,6383,C,C,,False,False,0,T
168,,6384,T,T,,False,False,0,T
169,,6385,G,G,,False,False,0,G
170,,6386,T,T,,False,False,0,T
171,,6387,G,G,,False,False,0,G
172,,6388,C,C,,False,False,0,C
173,88.0,6389,A,A,,False,False,0,C
174,,6390,T,T,,True,False,0,T
175,,6391,C,C,,True,False,0,C
176,,6392,A,A,,True,False,0,A
177,,6393,G,G,,True,False,0,G
178,,6394,A,A,,True,False,0,A
179,89.0,6395,T,T,,True,False,0,C
180,,6396,G,G,,True,False,0,G
181,,6397,C,C,,True,False,0,C
182,90.0,6398,T,T,,True,False,0,T
183,,6399,A,A,,True,False,0,A
184,,6400,A,A,,True,False,0,A
185,,6401,A,A,,True,False,0,A
186,91.0,6402,G,G,,True,False,0,T
187,,6403,C,C,,True,False,0,C
188,,6404,A,A,,True,False,0,A
189,,6405,T,T,,True,False,0,T
190,,6406,A,A,,True,False,0,A
191,92.0,6407,T,T,,True,False,0,T
192,,6408,G,G,,True,False,0,G
193,,6409,A,A,,True,False,0,A
194,,6410,G,G,,True,False,0,G
195,,6411,A,A,,True,False,0,A
196,,6412,A,A,,True,False,0,A
197,,6413,A,A,,True,False,0,A
198,,6414,G,G,,True,False,0,G
199,,6415,A,A,,True,False,0,A
200,93.0,6416,A,A,,True,False,0,G
201,,6417,G,G,,True,False,0,G
202,,6418,T,T,,True,False,0,T
203,94.0,6419,A,G,,True,False,0,G
204,,6420,C,C,,True,False,0,C
205,,6421,A,A,,True,False,0,A
206,,6422,T,T,,True,False,0,T
207,,6423,A,A,,True,False,0,A
208,,6424,A,A,,True,False,0,A
209,,6425,T,T,,True,False,0,T
210,,6426,G,G,,False,False,0,G
211,,6427,T,T,,False,False,0,T
212,,6428,C,C,,False,False,0,C
213,,6429,T,T,,True,False,0,T
214,,6430,G,G,,True,False,0,G
215,,6431,G,G,,True,False,0,G
216,,6432,G,G,,False,False,0,G
217,,6433,C,C,,False,False,0,C
218,,6434,T,T,,False,False,0,T
219,,6435,A,A,,False,False,0,A
220,,6436,C,C,,False,False,0,C
221,,6437,A,A,,False,False,0,A
222,,6438,C,C,,True,False,0,C
223,,6439,A,A,,True,False,0,A
224,,6440,T,T,,True,False,0,T
225,,6441,G,G,,False,False,0,G
226,,6442,C,C,,False,False,0,C
227,95.0,6443,T,C,,False,False,0,C
228,,6444,T,T,,False,False,0,T
229,,6445,G,G,,False,False,0,G
230,96.0,6446,C,T,,False,False,0,T
231,,6447,G,G,,True,False,0,G
232,,6448,T,T,,True,False,0,T
233,,6449,A,A,,True,False,0,A
234,,6450,C,C,,True,False,0,C
235,,6451,C,C,,True,False,0,C
236,,6452,C,C,,True,False,0,C
237,,6453,A,A,,True,False,0,A
238,,6454,C,C,,True,False,0,C
239,,6455,A,A,,True,False,0,A
240,,6456,G,G,,True,False,0,G
241,,6457,A,A,,True,False,0,A
242,,6458,C,C,,True,False,0,C
243,,6459,C,C,,True,False,0,C
244,,6460,C,C,,True,False,0,C
245,,6461,C,C,,True,False,0,C
246,,6462,A,A,,True,False,0,A
247,,6463,A,A,,True,False,0,A
248,,6464,C,C,,True,False,0,C
249,,6465,C,C,,True,False,0,C
250,,6466,C,C,,True,False,0,C
251,97.0,6467,A,A,,True,False,0,A
252,,6468,C,C,,True,False,0,C
253,,6469,A,A,,True,False,0,A
254,,6470,A,A,,True,False,0,A
255,,6471,G,G,,True,False,0,G
256,,6472,A,A,,True,False,0,A
257,,6473,A,A,,True,False,0,A
258,98.0,6474,A,A,,False,False,0,T
259,,6475,T,T,,False,False,0,T
260,,6476,G,A,,False,False,0,G
261,,6477,G,G,,True,False,0,G
262,,6478,T,T,,True,False,0,T
263,,6479,T,T,,True,False,0,T
264,,6480,T,T,,False,False,0,T
265,,6481,T,T,,False,False,0,T
266,,6482,G,G,,False,False,0,G
267,99.0,6483,G,G,,True,False,0,A
268,,6484,A,A,,True,False,0,A
269,,6485,A,A,,True,False,0,A
270,,6486,A,A,,False,False,0,A
271,,6487,A,A,,False,False,0,A
272,,6488,T,T,,False,False,0,T
273,,6489,G,G,,False,False,0,G
274,,6490,T,T,,False,False,0,T
275,100.0,6491,A,A,,False,False,0,A
276,,6492,A,A,,True,False,0,A
277,,6493,C,C,,True,False,0,C
278,,6494,A,A,,True,False,0,A
279,,6495,G,G,,True,False,0,G
280,,6496,A,A,,True,False,0,A
281,,6497,A,A,,True,False,0,A
282,,6498,A,A,,True,False,0,A
283,,6499,A,A,,True,False,0,A
284,,6500,T,T,,True,False,0,T
285,,6501,T,T,,False,False,0,T
286,,6502,T,T,,False,False,0,T
287,,6503,T,T,,False,False,0,T
288,,6504,A,A,,True,False,0,A
289,,6505,A,A,,True,False,0,A
290,,6506,C,C,,True,False,0,C
291,,6507,A,A,,False,False,0,A
292,,6508,T,T,,False,False,0,T
293,,6509,G,G,,False,False,0,G
294,,6510,T,T,,True,False,0,T
295,,6511,G,G,,True,False,0,G
296,,6512,G,G,,True,False,0,G
297,101.0,6513,A,A,,True,False,0,A
298,,6514,A,A,,True,False,0,A
299,,6515,A,A,,True,False,0,A
300,,6516,A,A,,True,False,0,A
301,,6517,A,A,,True,False,0,A
302,,6518,T,T,,True,False,0,T
303,,6519,G,G,,True,False,0,G
304,,6520,A,A,,True,False,0,A
305,102.0,6521,C,C,,True,False,0,T
306,,6522,A,A,,False,False,0,A
307,,6523,T,T,,False,False,0,T
308,,6524,G,G,,False,False,0,G
309,,6525,G,G,,False,False,0,G
310,,6526,T,T,,False,False,0,T
311,103.0,6527,G,G,,False,False,0,A
312,104.0,6528,G,G,,True,False,0,G
313,,6529,A,A,,True,False,0,A
314,,6530,T,T,,True,False,0,T
315,,6531,C,C,,False,False,0,C
316,,6532,A,A,,False,False,0,A
317,105.0,6533,G,G,,False,False,0,G
318,,6534,A,A,,False,False,0,A
319,,6535,T,T,,False,False,0,T
320,,6536,G,G,,False,False,0,G
321,,6537,C,C,,False,False,0,C
322,,6538,A,A,,False,False,0,A
323,,6539,T,T,,False,False,0,T
324,,6540,G,G,,True,False,0,G
325,,6541,A,A,,True,False,0,A
326,106.0,6542,G,G,,True,False,0,A
327,,6543,G,G,,False,False,0,G
328,,6544,A,A,,False,False,0,A
329,,6545,T,T,,False,False,0,T
330,,6546,A,A,,False,False,0,A
331,,6547,T,T,,False,False,0,T
332,,6548,A,A,,False,False,0,A
333,,6549,A,A,,True,False,0,A
334,,6550,T,T,,True,False,0,T
335,,6551,C,C,,True,False,0,C
336,,6552,A,A,,True,False,0,A
337,,6553,G,G,,True,False,0,G
338,107.0,6554,T,T,,True,False,0,T
339,108.0,6555,C,T,,False,False,0,T
340,,6556,T,T,,False,False,0,T
341,,6557,A,A,,False,False,0,A
342,,6558,T,T,,True,False,0,T
343,,6559,G,G,,True,False,0,G
344,,6560,G,G,,True,False,0,G
345,,6561,G,G,,True,False,0,G
346,,6562,A,A,,True,False,0,A
347,,6563,T,T,,True,False,0,T
348,,6564,C,C,,False,False,0,C
349,,6565,A,A,,False,False,0,A
350,,6566,A,A,,False,False,0,A
351,,6567,A,A,,True,False,0,A
352,,6568,G,G,,True,False,0,G
353,,6569,C,C,,True,False,0,C
354,,6570,C,C,,True,False,0,C
355,,6571,T,T,,True,False,0,T
356,,6572,C,A,,True,False,0,C
357,,6573,A,A,,True,False,0,A
358,,6574,A,A,,True,False,0,A
359,109.0,6575,A,G,,True,False,0,G
360,,6576,C,C,,True,False,0,C
361,,6577,C,C,,True,False,0,C
362,,6578,A,A,,True,False,0,A
363,,6579,T,T,,True,False,0,T
364,,6580,G,G,,True,False,0,G
365,,6581,T,T,,True,False,0,T
366,,6582,G,G,,True,False,0,G
367,,6583,T,T,,True,False,0,T
368,,6584,A,A,,True,False,0,A
369,,6585,A,A,,True,False,0,A
370,,6586,A,A,,True,False,0,A
371,110.0,6587,A,G,,True,False,0,G
372,111.0,6588,T,T,,False,False,0,T
373,,6589,T,T,,False,False,0,T
374,112.0,6590,A,G,,False,False,0,G
375,,6591,A,A,,True,False,0,A
376,,6592,C,C,,True,False,0,C
377,,6593,C,C,,True,False,0,C
378,,6594,C,C,,False,False,0,C
379,,6595,C,C,,False,False,0,C
380,113.0,6596,A,A,,False,False,0,G
381,,6597,C,C,,False,False,0,C
382,,6598,T,T,,False,False,0,T
383,,6599,C,C,,False,False,0,C
384,,6600,T,T,,False,False,0,T
385,,6601,G,G,,False,False,0,G
386,,6602,T,T,,False,False,0,T
387,114.0,6603,G,G,,False,False,0,G
388,,6604,T,T,,False,False,0,T
389,,6605,C,C,,False,False,0,C
390,,6606,A,A,,False,False,0,A
391,,6607,C,C,,False,False,0,C
392,115.0,6608,T,T,,False,False,0,T
393,116.0,6609,C,T,,False,False,0,C
394,,6610,T,T,,False,False,0,T
395,,6611,A,A,,False,False,0,A
396,,6612,A,A,,True,False,0,A
397,,6613,A,A,,True,False,0,A
398,117.0,6614,T,C,,True,False,0,C
399,,6615,T,T,,False,False,0,T
400,,6616,G,G,,False,False,0,G
401,,6617,T,T,,False,False,0,T
402,118.0,6618,A,A,,True,False,0,A
403,119.0,6619,C,C,,True,False,0,G
404,120.0,6620,A,A,,True,False,0,C
405,121.0,6621,A,A,,True,False,0,G
406,122.0,6622,C,A,,True,False,0,A
407,,6623,T,T,,True,False,0,T
408,123.0,6624,G,G,,True,False,0,G
409,124.0,6625,C,T,,True,False,0,C
410,125.0,6626,A,T,,True,False,0,A
411,126.0,6627,A,A,,True,False,0,A
412,,6628,A,A,,True,False,0,A
413,127.0,6629,G,T,,True,False,0,G
414,128.0,6630,G,A,,True,False,0,G
415,129.0,6631,G,T,,True,False,0,T
416,130.0,6632,T,T,,True,False,0,A
417,131.0,6633,A,A,,True,False,0,A
418,132.0,6634,T,C,,True,False,0,A
419,133.0,6635,T,T,,True,False,0,T
420,134.0,6636,A,A,,True,False,0,A
421,135.0,6637,A,A,,True,False,0,T
422,136.0,6638,T,T,,True,False,0,A
423,137.0,6639,A,A,,True,False,0,A
424,138.0,6640,G,A,,True,False,0,A
425,139.0,6641,T,T,,True,False,0,T
426,140.0,6642,A,A,,True,False,0,G
427,141.0,6643,C,A,,True,False,0,C
428,142.0,6644,T,T,,True,False,0,T
429,143.0,6645,G,A,,True,False,0,-
430,144.0,6646,A,T,,True,False,0,-
431,145.0,6647,C,-,,True,False,0,-
432,146.0,6648,A,-,,True,False,0,-
433,147.0,6649,A,-,,True,False,0,-
434,148.0,6650,T,-,,True,False,0,-
435,149.0,6650a,-,-,,True,False,0,-
436,150.0,6650b,-,-,,True,False,0,-
437,151.0,6650c,-,-,,True,False,0,-
438,152.0,6651,-,-,,True,False,0,-
439,153.0,6652,-,-,,True,False,0,-
440,154.0,6653,-,-,,True,False,0,-
441,155.0,6654,G,-,,True,False,0,-
442,156.0,6655,C,-,,True,False,0,-
443,157.0,6656,A,-,,True,False,0,-
444,158.0,6657,A,A,,True,False,0,-
445,159.0,6658,A,A,,True,False,0,-
446,160.0,6659,T,C,,True,False,0,-
447,161.0,6660,G,A,,True,False,0,A
448,162.0,6661,C,A,,True,False,0,C
449,163.0,6662,T,C,,True,False,0,C
450,164.0,6663,A,A,,True,False,0,T
451,165.0,6664,C,A,,True,False,0,A
452,166.0,6665,T,T,,True,False,0,T
453,167.0,6666,A,A,,True,False,0,A
454,168.0,6667,A,A,,True,False,0,A
455,169.0,6668,A,T,,True,False,0,T
456,170.0,6669,A,A,,True,False,0,G
457,171.0,6670,A,A,,True,False,0,G
458,172.0,6671,A,C,,True,False,0,A
459,173.0,6672,C,A,,True,False,0,A
460,174.0,6673,C,T,,True,False,0,C
461,175.0,6674,A,G,,True,False,0,A
462,176.0,6675,A,A,,True,False,0,A
463,177.0,6676,A,A,,True,False,0,G
464,178.0,6677,T,T,,True,False,0,G
465,,6678,G,G,,True,False,0,G
466,,6679,A,G,,True,False,0,A
467,,6680,A,A,,True,False,0,A
468,,6681,G,G,,True,False,0,G
469,,6682,A,A,,True,False,0,A
470,,6683,A,A,,True,False,0,A
471,,6684,A,A,,True,False,0,A
472,179.0,6685,T,T,,True,False,0,T
473,,6686,A,A,,True,False,0,A
474,,6687,A,A,,True,False,0,A
475,,6688,A,A,,True,False,0,A
476,,6689,A,A,,True,False,0,A
477,,6690,A,A,,True,False,0,A
478,,6691,A,A,,True,False,0,A
479,,6692,T,T,,True,False,0,T
480,,6693,T,T,,False,False,0,T
481,,6694,G,G,,False,False,0,G
482,,6695,C,C,,False,False,0,C
483,,6696,T,T,,True,False,0,T
484,,6697,C,C,,True,False,0,C
485,,6698,T,T,,True,False,0,T
486,,6699,T,T,,False,False,0,T
487,,6700,T,T,,False,False,0,T
488,,6701,C,C,,False,False,0,C
489,180.0,6702,A,A,,True,False,0,A
490,181.0,6703,A,A,,True,False,0,A
491,,6704,T,T,,True,False,0,T
492,182.0,6705,A,A,,False,False,0,G
493,183.0,6706,C,T,,False,False,0,C
494,184.0,6707,A,A,,False,False,0,G
495,,6708,A,A,,False,False,0,A
496,185.0,6709,T,C,,False,False,0,C
497,186.0,6710,C,C,,False,False,0,C
498,187.0,6711,A,A,,True,False,0,A
499,,6712,C,C,,True,False,0,C
500,,6713,A,A,,True,False,0,A
501,,6714,G,G,,False,False,0,G
502,,6715,A,A,,False,False,0,A
503,188.0,6716,G,A,,False,False,0,A
504,189.0,6717,G,A,,False,False,0,T
505,,6718,T,T,,False,False,0,T
506,,6719,A,A,,False,False,0,A
507,,6720,A,A,,False,False,0,A
508,190.0,6721,G,G,,False,False,0,G
509,,6722,A,A,,False,False,0,A
510,,6723,G,G,,False,False,0,G
511,,6724,A,A,,False,False,0,A
512,,6725,T,T,,False,False,0,T
513,,6726,A,A,,True,False,0,A
514,,6727,A,A,,True,False,0,A
515,191.0,6728,G,G,,True,False,0,G
516,192.0,6729,C,A,,True,False,0,A
517,193.0,6730,A,A,,True,False,0,A
518,194.0,6731,A,A,,True,False,0,A
519,,6732,A,C,,True,False,0,A
520,195.0,6733,A,A,,True,False,0,A
521,,6734,G,G,,True,False,0,G
522,196.0,6735,A,A,,True,False,0,A
523,197.0,6736,A,A,,True,False,0,A
524,198.0,6737,A,A,,True,False,0,A
525,199.0,6738,G,G,,True,False,0,G
526,,6739,A,T,,True,False,0,A
527,200.0,6740,A,G,,True,False,0,A
528,,6741,T,T,,True,False,0,T
529,,6742,A,A,,True,False,0,A
530,,6743,T,T,,True,False,0,T
531,,6744,G,G,,False,False,0,G
532,,6745,C,C,,False,False,0,C
533,,6746,A,A,,False,False,0,A
534,,6747,C,C,,True,False,0,C
535,,6748,T,T,,True,False,0,T
536,,6749,C,T,,True,False,0,C
537,201.0,6750,T,T,,False,False,0,T
538,,6751,T,T,,False,False,0,T
539,,6752,T,T,,False,False,0,T
540,,6753,T,T,,True,False,0,T
541,,6754,A,A,,True,False,0,A
542,,6755,T,T,,True,False,0,T
543,,6756,A,A,,True,False,0,A
544,,6757,G,G,,True,False,0,G
545,,6758,A,A,,True,False,0,A
546,,6759,C,C,,True,False,0,C
547,,6760,T,T,,True,False,0,T
548,,6761,T,T,,True,False,0,T
549,,6762,G,G,,False,False,0,G
550,,6763,A,A,,False,False,0,A
551,,6764,T,T,,False,False,0,T
552,202.0,6765,C,A,,False,False,0,A
553,,6766,T,T,,False,False,0,T
554,,6767,A,A,,False,False,0,A
555,,6768,G,G,,True,False,0,G
556,,6769,T,T,,True,False,0,T
557,,6770,A,A,,True,False,0,A
558,203.0,6771,T,C,,True,False,0,C
559,,6772,C,C,,True,False,0,C
560,204.0,6773,A,A,,True,False,0,A
561,,6774,C,C,,True,False,0,C
562,,6775,T,T,,True,False,0,T
563,,6776,T,T,,True,False,0,T
564,205.0,6777,A,A,,True,False,0,A
565,206.0,6778,A,A,,True,False,0,A
566,,6779,T,T,,True,False,0,T
567,207.0,6780,G,G,,True,False,0,A
568,208.0,6781,A,A,,True,False,0,A
569,,6782,G,G,,True,False,0,G
570,209.0,6782a,G,-,,True,False,0,G
571,210.0,6782b,G,-,,True,False,0,A
572,211.0,6782c,G,-,,True,False,0,G
573,212.0,6782d,G,-,,True,False,0,-
574,213.0,6782e,A,-,,True,False,0,-
575,214.0,6782f,C,-,,True,False,0,-
576,215.0,6782g,T,-,,True,False,0,-
577,216.0,6782h,C,-,,True,False,0,-
578,217.0,6782i,T,-,,True,False,0,-
579,218.0,6782j,G,-,,True,False,0,-
580,219.0,6782k,A,-,,True,False,0,-
581,220.0,6782l,A,-,,True,False,0,-
582,221.0,6782m,G,-,,True,False,0,-
583,222.0,6782n,G,-,,True,False,0,-
584,223.0,6782o,G,-,,True,False,0,-
585,224.0,6782p,A,-,,True,False,0,-
586,225.0,6782q,A,-,,True,False,0,-
587,226.0,6782r,C,-,,True,False,0,-
588,227.0,6782s,T,-,,True,False,0,-
589,228.0,6782t,C,-,,True,False,0,-
590,229.0,6782u,T,-,,True,False,0,-
591,230.0,6782v,A,-,,True,False,0,-
592,231.0,6782w,G,-,,True,False,0,-
593,232.0,6782x,C,-,,True,False,0,-
594,233.0,6782y,A,-,,True,False,0,-
595,234.0,6782z,G,-,,True,False,0,-
596,235.0,6782A,A,-,,True,False,0,-
597,236.0,6782B,T,-,,True,False,0,G
598,237.0,6782C,C,-,,True,False,0,G
599,238.0,6782D,T,-,,True,False,0,T
600,239.0,6782E,G,A,,True,False,0,A
601,240.0,6782F,G,A,,True,False,0,A
602,241.0,6782G,C,A,,True,False,0,T
603,,6783,A,A,,True,False,0,A
604,,6784,A,A,,True,False,0,A
605,242.0,6785,C,C,,True,False,0,C
606,243.0,6786,T,T,,True,False,0,A
607,244.0,6787,T,C,,True,False,0,A
608,245.0,6788,T,T,,True,False,0,C
609,,6789,A,A,,True,False,0,A
610,,6790,G,G,,True,False,0,G
611,246.0,6791,T,T,,True,False,0,T
612,247.0,6792,A,G,,True,False,0,G
613,248.0,6793,C,A,,True,False,0,A
614,249.0,6794,G,G,,True,False,0,A
615,,6795,T,T,,True,False,0,T
616,,6796,A,A,,True,False,0,A
617,,6797,T,T,,True,False,0,T
618,,6798,A,A,,False,False,0,A
619,,6799,G,G,,False,False,0,G
620,,6800,A,A,,False,False,0,A
621,,6801,T,T,,False,False,0,T
622,,6802,T,T,,False,False,0,T
623,,6803,A,A,,False,False,0,A
624,,6804,A,A,,True,False,0,A
625,250.0,6805,T,T,,True,False,0,T
626,,6806,A,A,,True,False,0,A
627,,6807,A,A,,False,False,0,A
628,,6808,A,A,,False,False,0,A
629,,6809,C,T,,False,False,0,C
630,,6810,T,T,,False,False,0,T
631,,6811,G,G,,False,False,0,G
632,,6812,T,T,,False,False,0,T
633,,6813,A,A,,False,False,0,A
634,,6814,A,A,,False,False,0,A
635,251.0,6815,T,T,,False,False,0,T
636,,6816,A,A,,True,False,0,A
637,,6817,C,C,,True,False,0,C
638,252.0,6818,C,C,,True,False,0,C
639,,6819,T,T,,False,False,0,T
640,,6820,C,C,,False,False,0,C
641,,6821,A,A,,False,False,0,A
642,253.0,6822,A,A,,False,False,0,G
643,254.0,6823,C,C,,False,False,0,T
644,,6824,C,C,,False,False,0,C
645,,6825,A,A,,False,False,0,A
646,,6826,T,T,,False,False,0,T
647,,6827,A,A,,False,False,0,A
648,,6828,A,A,,False,False,0,A
649,,6829,C,C,,False,False,0,C
650,,6830,A,A,,False,False,0,A
651,,6831,C,C,,False,False,0,C
652,,6832,A,A,,False,False,0,A
653,,6833,A,A,,False,False,0,A
654,255.0,6834,G,G,,False,False,0,G
655,,6835,C,C,,False,False,0,C
656,,6836,C,C,,False,False,0,C
657,,6837,T,T,,True,False,0,T
658,,6838,G,G,,True,False,0,G
659,,6839,T,T,,True,False,0,T
660,256.0,6840,C,C,,True,False,0,C
661,,6841,C,C,,True,False,0,C
662,,6842,A,A,,True,False,0,A
663,,6843,A,A,,True,False,0,A
664,,6844,A,A,,True,False,0,A
665,,6845,G,G,,True,False,0,G
666,,6846,G,G,,True,False,0,G
667,,6847,T,T,,True,False,0,T
668,,6848,C,C,,True,False,0,C
669,257.0,6849,T,T,,True,False,0,A
670,258.0,6850,C,C,,True,False,0,C
671,,6851,T,T,,True,False,0,T
672,,6852,T,T,,True,False,0,T
673,,6853,T,T,,True,False,0,T
674,,6854,T,T,,True,False,0,T
675,259.0,6855,G,G,,True,False,0,G
676,,6856,A,A,,True,False,0,A
677,260.0,6857,C,C,,True,False,0,C
678,,6858,C,C,,True,False,0,C
679,,6859,C,C,,True,False,0,C
680,,6860,A,A,,True,False,0,A
681,,6861,A,A,,False,False,0,A
682,,6862,T,T,,False,False,0,T
683,,6863,T,T,,False,False,0,T
684,261.0,6864,C,C,,True,False,0,C
685,,6865,C,C,,True,False,0,C
686,,6866,T,T,,True,False,0,T
687,262.0,6867,A,A,,False,False,0,A
688,,6868,T,T,,False,False,0,T
689,263.0,6869,C,A,,False,False,0,A
690,,6870,C,C,,True,False,0,C
691,,6871,A,A,,True,False,0,A
692,264.0,6872,C,T,,True,False,0,T
693,,6873,T,T,,True,False,0,T
694,,6874,A,A,,True,False,0,A
695,,6875,T,T,,True,False,0,T
696,,6876,T,T,,False,False,0,T
697,,6877,G,G,,False,False,0,G
698,,6878,T,T,,False,False,0,T
699,,6879,G,G,,False,False,0,G
700,265.0,6880,T,C,,False,False,0,C
701,,6881,T,T,,False,False,0,T
702,,6882,C,C,,False,False,0,C
703,,6883,C,C,,False,False,0,C
704,,6884,A,A,,False,False,0,A
705,,6885,G,G,,False,False,0,G
706,,6886,C,C,,False,False,0,C
707,,6887,T,T,,False,False,0,T
708,,6888,G,G,,False,False,0,G
709,,6889,G,G,,False,False,0,G
710,,6890,T,T,,False,False,0,T
711,,6891,T,T,,False,False,0,T
712,,6892,A,A,,False,False,0,A
713,,6893,T,T,,False,False,0,T
714,,6894,G,G,,False,False,0,G
715,,6895,C,C,,False,False,0,C
716,,6896,G,G,,False,False,0,G
717,,6897,A,A,,False,False,0,A
718,,6898,T,T,,False,False,0,T
719,,6899,T,T,,False,False,0,T
720,,6900,C,C,,False,False,0,C
721,,6901,T,T,,False,False,0,T
722,266.0,6902,A,A,,False,False,0,A
723,,6903,A,A,,True,False,0,A
724,,6904,A,A,,True,False,0,A
725,,6905,G,G,,True,False,0,G
726,,6906,T,T,,False,False,0,T
727,,6907,G,G,,False,False,0,G
728,267.0,6908,T,T,,False,False,0,T
729,,6909,A,A,,True,False,0,A
730,,6910,A,A,,True,False,0,A
731,,6911,T,T,,True,False,0,T
732,268.0,6912,G,A,,True,False,0,A
733,,6913,A,A,,True,False,0,A
734,269.0,6914,T,T,,True,False,0,T
735,270.0,6915,G,A,,True,False,0,A
736,,6916,A,A,,True,False,0,A
737,,6917,G,G,,True,False,0,G
738,271.0,6918,A,A,,True,False,0,A
739,,6919,C,C,,True,False,0,C
740,,6920,A,A,,True,False,0,A
741,,6921,T,T,,False,False,0,T
742,,6922,T,T,,False,False,0,T
743,,6923,C,C,,False,False,0,C
744,,6924,A,A,,True,False,0,A
745,,6925,A,A,,True,False,0,A
746,,6926,T,T,,True,False,0,T
747,,6927,G,G,,False,False,0,G
748,,6928,G,G,,False,False,0,G
749,,6929,C,G,,False,False,0,C
750,,6930,A,A,,True,False,0,A
751,,6931,C,C,,True,False,0,C
752,,6932,A,A,,True,False,0,A
753,,6933,G,G,,True,False,0,G
754,,6934,G,G,,True,False,0,G
755,,6935,A,A,,True,False,0,A
756,,6936,C,C,,True,False,0,C
757,,6937,C,C,,True,False,0,C
758,,6938,A,A,,True,False,0,A
759,,6939,T,T,,False,False,0,T
760,,6940,G,G,,False,False,0,G
761,,6941,C,C,,False,False,0,C
762,,6942,A,A,,True,False,0,A
763,272.0,6943,A,A,,True,False,0,A
764,,6944,T,T,,True,False,0,T
765,,6945,A,A,,True,False,0,A
766,,6946,A,A,,True,False,0,A
767,,6947,T,T,,True,False,0,T
768,,6948,G,G,,False,False,0,G
769,,6949,T,T,,False,False,0,T
770,,6950,C,C,,False,False,0,C
771,,6951,A,A,,False,False,0,A
772,,6952,G,G,,False,False,0,G
773,,6953,C,C,,False,False,0,C
774,,6954,A,A,,False,False,0,A
775,,6955,C,C,,False,False,0,C
776,,6956,A,A,,False,False,0,A
777,273.0,6957,G,G,,True,False,0,G
778,,6958,T,T,,True,False,0,T
779,,6959,A,A,,True,False,0,A
780,,6960,C,C,,True,False,0,C
781,,6961,A,A,,True,False,0,A
782,,6962,A,A,,True,False,0,A
783,,6963,T,T,,True,False,0,T
784,,6964,G,G,,True,False,0,G
785,,6965,T,T,,True,False,0,T
786,,6966,A,A,,False,False,0,A
787,,6967,C,C,,False,False,0,C
788,,6968,A,A,,False,False,0,A
789,,6969,C,C,,True,False,0,C
790,,6970,A,A,,True,False,0,A
791,,6971,T,T,,True,False,0,T
792,,6972,G,G,,True,False,0,G
793,,6973,G,G,,True,False,0,G
794,,6974,A,A,,True,False,0,A
795,,6975,A,A,,False,False,0,A
796,,6976,T,T,,False,False,0,T
797,,6977,T,T,,False,False,0,T
798,,6978,A,A,,True,False,0,A
799,,6979,A,A,,True,False,0,A
800,274.0,6980,G,G,,True,False,0,G
801,,6981,C,C,,False,False,0,C
802,,6982,C,C,,False,False,0,C
803,,6983,A,A,,False,False,0,A
804,,6984,G,G,,True,False,0,G
805,,6985,T,T,,True,False,0,T
806,275.0,6986,G,G,,True,False,0,A
807,,6987,G,G,,True,False,0,G
808,,6988,T,T,,True,False,0,T
809,276.0,6989,T,A,,True,False,0,T
810,,6990,T,T,,False,False,0,T
811,,6991,C,C,,False,False,0,C
812,,6992,A,A,,False,False,0,A
813,,6993,A,A,,True,False,0,A
814,,6994,C,C,,True,False,0,C
815,277.0,6995,T,T,,True,False,0,T
816,,6996,C,C,,False,False,0,C
817,,6997,A,A,,False,False,0,A
818,,6998,A,A,,False,False,0,A
819,278.0,6999,T,C,,False,False,0,C
820,,7000,T,T,,False,False,0,T
821,,7001,A,A,,False,False,0,A
822,,7002,T,C,,False,False,0,T
823,,7003,T,T,,False,False,0,T
824,,7004,G,G,,False,False,0,G
825,,7005,T,T,,False,False,0,T
826,,7006,T,T,,False,False,0,T
827,,7007,A,A,,False,False,0,A
828,,7008,A,A,,True,False,0,A
829,,7009,A,A,,True,False,0,A
830,,7010,T,T,,True,False,0,T
831,,7011,G,G,,True,False,0,G
832,,7012,G,G,,True,False,0,G
833,,7013,T,T,,True,False,0,T
834,,7014,A,A,,True,False,0,A
835,,7015,G,G,,True,False,0,G
836,,7016,C,C,,True,False,0,C
837,,7017,C,C,,True,False,0,C
838,,7018,T,T,,True,False,0,T
839,,7019,A,A,,True,False,0,A
840,,7020,G,G,,True,False,0,G
841,,7021,C,C,,True,False,0,C
842,,7022,A,A,,True,False,0,A
843,,7023,G,G,,True,False,0,G
844,,7024,A,A,,True,False,0,A
845,279.0,7025,G,A,,True,False,0,A
846,280.0,7026,A,G,,True,False,0,G
847,,7027,A,A,,True,False,0,A
848,,7028,A,A,,True,False,0,A
849,,7029,G,G,,True,False,0,G
850,281.0,7030,A,A,,True,False,0,A
851,282.0,7031,G,G,,True,False,0,G
852,,7032,A,A,,True,False,0,A
853,,7033,T,T,,True,False,0,T
854,283.0,7034,A,A,,True,False,0,A
855,,7035,A,A,,True,False,0,A
856,,7036,T,T,,True,False,0,T
857,,7037,A,A,,True,False,0,A
858,,7038,A,A,,True,False,0,A
859,,7039,T,T,,True,False,0,T
860,284.0,7040,T,T,,True,False,0,T
861,,7041,A,A,,False,False,0,A
862,,7042,G,G,,False,False,0,G
863,285.0,7043,G,A,,False,False,0,A
864,,7044,T,T,,True,False,0,T
865,,7045,C,C,,True,False,0,C
866,286.0,7046,T,T,,True,False,0,T
867,,7047,G,G,,True,False,0,G
868,,7048,A,A,,True,False,0,A
869,287.0,7049,G,A,,True,False,0,A
870,,7050,A,A,,True,False,0,A
871,,7051,A,A,,True,False,0,A
872,288.0,7052,T,T,,True,False,0,C
873,289.0,7053,C,C,,True,False,0,C
874,,7054,T,T,,True,False,0,T
875,,7055,G,G,,True,False,0,G
876,,7056,A,A,,True,False,0,A
877,,7057,C,C,,True,False,0,C
878,,7058,A,A,,True,False,0,A
879,,7059,G,A,,True,False,0,G
880,,7060,A,A,,True,False,0,A
881,,7061,C,C,,True,False,0,C
882,,7062,A,A,,True,False,0,A
883,,7063,A,A,,True,False,0,A
884,,7064,T,T,,True,False,0,T
885,,7065,G,G,,True,False,0,G
886,,7066,T,T,,True,False,0,T
887,,7067,C,C,,True,False,0,C
888,,7068,A,A,,True,False,0,A
889,,7069,A,A,,True,False,0,A
890,290.0,7070,A,A,,True,False,0,A
891,,7071,A,A,,True,False,0,A
892,,7072,C,C,,True,False,0,C
893,,7073,A,A,,True,False,0,A
894,,7074,A,A,,False,False,0,A
895,291.0,7075,C,T,,False,False,0,T
896,,7076,A,A,,False,False,0,A
897,,7077,A,A,,False,False,0,A
898,,7078,T,T,,False,False,0,T
899,,7079,A,A,,False,False,0,A
900,,7080,G,G,,False,False,0,G
901,,7081,T,T,,False,False,0,T
902,292.0,7082,A,A,,False,False,0,A
903,,7083,C,C,,False,False,0,C
904,,7084,A,A,,False,False,0,A
905,,7085,T,T,,False,False,0,T
906,,7086,C,C,,False,False,0,C
907,,7087,T,T,,False,False,0,T
908,,7088,C,T,,False,False,0,C
909,,7089,A,A,,True,False,0,A
910,,7090,A,A,,True,False,0,A
911,,7091,T,T,,True,False,0,T
912,,7092,G,G,,True,False,0,G
913,,7093,A,A,,True,False,0,A
914,,7094,A,A,,True,False,0,A
915,293.0,7095,T,T,,True,False,0,T
916,,7096,C,C,,True,False,0,C
917,,7097,T,T,,True,False,0,T
918,294.0,7098,G,G,,False,False,0,G
919,,7099,T,T,,False,False,0,T
920,295.0,7100,A,A,,False,False,0,A
921,296.0,7101,G,G,,True,False,0,G
922,,7102,A,A,,True,False,0,A
923,297.0,7103,A,A,,True,False,0,G
924,,7104,A,A,,False,False,0,A
925,,7105,T,T,,False,False,0,T
926,,7106,T,T,,False,False,0,T
927,,7107,A,G,,True,False,0,A
928,298.0,7108,A,T,,True,False,0,A
929,299.0,7109,T,G,,True,False,0,T
930,,7110,T,T,,False,False,0,T
931,,7111,G,G,,False,False,0,G
932,,7112,T,T,,False,False,0,T
933,300.0,7113,A,A,,True,False,0,A
934,301.0,7114,C,C,,True,False,0,C
935,,7115,A,A,,True,False,0,A
936,,7116,A,A,,False,False,0,A
937,,7117,G,G,,False,False,0,G
938,,7118,A,A,,False,False,0,A
939,,7119,C,C,,True,False,0,C
940,,7120,C,C,,True,False,0,C
941,,7121,C,C,,True,False,0,C
942,,7122,A,A,,True,False,0,A
943,,7123,A,A,,True,False,0,A
944,,7124,C,C,,True,False,0,C
945,,7125,A,A,,True,False,0,A
946,,7126,A,A,,True,False,0,A
947,,7127,T,T,,True,False,0,T
948,,7128,A,A,,False,False,0,A
949,,7129,A,A,,False,False,0,A
950,,7130,T,T,,False,False,0,T
951,,7131,A,A,,True,False,0,A
952,,7132,C,C,,True,False,0,C
953,,7133,A,A,,True,False,0,A
954,,7134,A,A,,True,False,0,A
955,,7135,G,G,,True,False,0,G
956,302.0,7136,A,A,,True,False,0,A
957,,7137,A,A,,True,False,0,A
958,,7138,A,A,,True,False,0,A
959,,7139,A,A,,True,False,0,A
960,,7140,A,A,,True,False,0,A
961,,7141,G,G,,True,False,0,G
962,,7142,T,T,,True,False,0,T
963,303.0,7143,G,A,,False,False,0,A
964,,7144,T,T,,False,False,0,T
965,304.0,7145,G,A,,False,False,0,A
966,,7146,A,A,,True,False,0,A
967,,7147,G,G,,True,False,0,G
968,,7148,A,G,,True,False,0,A
969,,7149,-,-,,False,False,0,-
970,,7150,-,-,,False,False,0,-
971,,7151,-,-,,False,False,0,-
972,,7152,-,-,,False,False,0,-
973,,7153,-,-,,False,False,0,-
974,,7154,-,-,,False,False,0,-
975,,7155,A,A,,False,False,0,A
976,,7156,T,T,,False,False,0,T
977,,7157,A,A,,False,False,0,A
978,,7158,G,G,,True,False,0,G
979,,7159,G,G,,True,False,0,G
980,,7160,A,A,,True,False,0,A
981,,7161,C,C,,False,False,0,C
982,,7162,C,C,,False,False,0,C
983,305.0,7163,A,A,,False,False,0,A
984,,7164,G,G,,False,False,0,G
985,,7165,G,G,,False,False,0,G
986,,7166,A,A,,False,False,0,A
987,,7167,C,C,,True,False,0,C
988,,7168,A,A,,True,False,0,A
989,306.0,7169,A,A,,True,False,0,A
990,307.0,7170,T,A,,True,False,0,A
991,,7171,C,C,,True,False,0,C
992,,7172,A,A,,True,False,0,A
993,,7173,T,T,,False,False,0,T
994,,7174,T,T,,False,False,0,T
995,,7175,C,C,,False,False,0,C
996,,7176,T,T,,True,False,0,T
997,,7177,A,A,,True,False,0,A
998,,7178,T,T,,True,False,0,T
999,,7179,G,G,,False,False,0,G
1000,,7180,C,C,,False,False,0,C
1001,,7181,A,A,,False,False,0,A
1002,,7182,A,A,,False,False,0,A
1003,,7183,C,C,,False,False,0,C
1004,,7184,A,A,,False,False,0,A
1005,,7185,G,G,,False,False,0,G
1006,308.0,7186,G,G,,False,False,0,G
1007,,7187,A,A,,False,False,0,A
1008,,7187a,G,G,,False,False,0,G
1009,,7187b,A,A,,False,False,0,A
1010,,7187c,C,C,,False,False,0,C
1011,,7188,A,A,,True,False,0,A
1012,,7189,T,T,,True,False,0,T
1013,,7190,A,A,,True,False,0,A
1014,,7191,A,A,,True,False,0,A
1015,,7192,T,T,,True,False,0,T
1016,,7193,A,A,,True,False,0,A
1017,,7194,G,G,,True,False,0,G
1018,,7195,G,G,,True,False,0,G
1019,,7196,A,A,,True,False,0,A
1020,309.0,7197,A,G,,True,False,0,G
1021,,7198,A,A,,True,False,0,A
1022,,7199,T,C,,True,False,0,T
1023,,7200,A,A,,True,False,0,A
1024,,7201,T,T,,True,False,0,T
1025,,7202,A,A,,True,False,0,A
1026,,7203,A,A,,True,False,0,A
1027,,7204,G,G,,True,False,0,G
1028,310.0,7205,A,A,,True,False,0,A
1029,,7206,C,C,,True,False,0,C
1030,,7207,A,A,,True,False,0,A
1031,,7208,A,A,,True,False,0,A
1032,,7209,G,G,,False,False,0,G
1033,,7210,C,C,,False,False,0,C
1034,,7211,A,A,,False,False,0,A
1035,,7212,C,C,,True,False,0,C
1036,,7213,A,A,,True,False,0,A
1037,,7214,T,T,,True,False,0,T
1038,,7215,T,T,,False,False,0,T
1039,,7216,G,G,,False,False,0,G
1040,,7217,T,T,,False,False,0,T
1041,,7218,A,A,,True,False,0,A
1042,311.0,7219,A,A,,True,False,0,A
1043,,7220,C,C,,True,False,0,C
1044,,7221,A,A,,False,False,0,A
1045,,7222,T,T,,False,False,0,T
1046,,7223,T,T,,False,False,0,T
1047,,7224,A,A,,True,False,0,A
1048,,7225,G,G,,True,False,0,G
1049,,7226,T,T,,True,False,0,T
1050,312.0,7227,A,A,,True,False,0,G
1051,313.0,7228,A,A,,True,False,0,A
1052,,7229,A,A,,True,False,0,A
1053,314.0,7230,G,G,,True,False,0,A
1054,315.0,7231,A,A,,True,False,0,T
1055,316.0,7232,A,T,,True,False,0,T
1056,,7233,A,A,,True,False,0,A
1057,,7234,A,A,,True,False,0,A
1058,317.0,7235,G,A,,True,False,0,A
1059,,7236,T,T,,False,False,0,T
1060,,7237,G,G,,False,False,0,G
1061,,7238,G,G,,False,False,0,G
1062,,7239,G,A,,True,False,0,G
1063,318.0,7240,A,A,,True,False,0,A
1064,319.0,7241,A,T,,True,False,0,G
1065,320.0,7242,A,A,,True,False,0,A
1066,,7243,A,A,,True,False,0,A
1067,321.0,7244,G,A,,True,False,0,A
1068,,7245,A,A,,False,False,0,A
1069,,7246,C,C,,False,False,0,C
1070,322.0,7247,A,T,,False,False,0,T
1071,,7248,T,T,,False,False,0,T
1072,,7249,T,T,,False,False,0,T
1073,,7250,A,A,,False,False,0,A
1074,,7251,C,C,,True,False,0,C
1075,,7252,A,A,,True,False,0,A
1076,,7253,A,A,,True,False,0,A
1077,,7254,A,A,,True,False,0,A
1078,,7255,G,A,,True,False,0,G
1079,323.0,7256,G,G,,True,False,0,A
1080,,7257,G,G,,False,False,0,G
1081,,7258,T,T,,False,False,0,T
1082,,7259,A,A,,False,False,0,A
1083,,7260,A,A,,False,False,0,A
1084,,7261,G,G,,False,False,0,G
1085,,7262,T,T,,False,False,0,T
1086,324.0,7263,G,A,,True,False,0,G
1087,325.0,7264,A,A,,True,False,0,A
1088,,7265,A,A,,True,False,0,A
1089,326.0,7266,G,A,,True,False,0,A
1090,,7267,A,A,,True,False,0,A
1091,,7268,A,A,,True,False,0,A
1092,327.0,7269,C,T,,False,False,0,T
1093,,7270,T,T,,False,False,0,T
1094,328.0,7271,A,A,,False,False,0,G
1095,329.0,7272,A,G,,False,False,0,A
1096,,7273,G,A,,False,False,0,G
1097,,7274,A,A,,False,False,0,A
1098,330.0,7275,A,G,,True,False,0,G
1099,,7276,A,A,,True,False,0,A
1100,331.0,7277,A,A,,True,False,0,A
1101,,7278,C,C,,True,False,0,C
1102,,7279,A,A,,True,False,0,A
1103,,7280,C,C,,True,False,0,C
1104,,7281,T,T,,True,False,0,T
1105,,7282,T,T,,True,False,0,T
1106,,7283,C,C,,True,False,0,C
1107,332.0,7284,C,C,,True,False,0,-
1108,333.0,7285,C,C,,True,False,0,-
1109,334.0,7286,T,T,,True,False,0,-
1110,,7287,-,-,,True,False,0,-
1111,,7288,-,-,,True,False,0,-
1112,,7289,-,-,,True,False,0,-
1113,,7290,A,A,,True,False,0,A
1114,,7291,A,A,,True,False,0,A
1115,,7292,T,T,,True,False,0,T
1116,,7293,A,A,,True,False,0,A
1117,,7294,A,A,,True,False,0,A
1118,,7295,G,A,,True,False,0,G
1119,,7296,A,A,,True,False,0,A
1120,,7297,C,C,,True,False,0,C
1121,,7298,A,A,,True,False,0,A
1122,,7299,A,A,,False,False,0,A
1123,,7300,T,T,,False,False,0,T
1124,,7301,A,A,,False,False,0,A
1125,335.0,7302,G,A,,True,False,0,A
1126,336.0,7303,A,A,,True,False,0,T
1127,337.0,7304,A,A,,True,False,0,A
1128,,7305,T,T,,False,False,0,T
1129,,7306,T,T,,False,False,0,T
1130,,7307,T,T,,False,False,0,T
1131,,7308,A,G,,True,False,0,A
1132,,7309,A,A,,True,False,0,A
1133,338.0,7310,A,A,,True,False,0,T
1134,339.0,7311,T,C,,True,False,0,C
1135,340.0,7312,C,C,,True,False,0,A
1136,,7313,A,A,,True,False,0,A
1137,,7314,T,T,,True,False,0,T
1138,,7315,C,C,,True,False,0,C
1139,,7316,C,C,,True,False,0,C
1140,,7317,T,T,,True,False,0,T
1141,,7318,C,C,,True,False,0,C
1142,,7319,A,A,,True,False,0,A
1143,,7320,G,G,,True,False,0,G
1144,,7321,G,G,,True,False,0,G
1145,,7322,A,A,,True,False,0,A
1146,,7323,G,G,,True,False,0,G
1147,,7324,G,G,,True,False,0,G
1148,341.0,7325,G,G,,True,False,0,G
1149,,7326,G,G,,True,False,0,G
1150,,7327,A,A,,True,False,0,A
1151,,7328,C,C,,True,False,0,C
1152,,7329,C,C,,True,False,0,C
1153,,7330,T,T,,True,False,0,T
1154,,7331,A,A,,True,False,0,A
1155,,7332,G,G,,True,False,0,G
1156,,7333,A,A,,True,False,0,A
1157,,7334,A,A,,True,False,0,A
1158,,7335,A,A,,True,False,0,A
1159,,7336,T,T,,True,False,0,T
1160,,7337,T,T,,True,False,0,T
1161,342.0,7338,A,A,,True,False,0,A
1162,,7339,C,C,,True,False,0,C
1163,,7340,A,A,,True,False,0,A
1164,343.0,7341,A,A,,True,False,0,A
1165,344.0,7342,C,C,,True,False,0,C
1166,345.0,7343,A,A,,True,False,0,A
1167,346.0,7344,C,C,,False,False,0,C
1168,347.0,7345,A,A,,False,False,0,A
1169,348.0,7346,T,T,,False,False,0,T
1170,349.0,7347,A,A,,True,False,0,A
1171,350.0,7348,G,G,,True,False,0,G
1172,351.0,7349,C,C,,True,False,0,C
1173,352.0,7350,T,T,,False,False,0,T
1174,353.0,7351,T,T,,False,False,0,T
1175,354.0,7352,T,T,,False,False,0,T
1176,355.0,7353,A,A,,True,False,0,A
1177,356.0,7354,A,A,,True,False,0,A
1178,357.0,7355,T,T,,True,False,0,T
1179,358.0,7356,T,T,,True,False,0,T
1180,359.0,7357,G,G,,True,False,0,G
1181,360.0,7358,T,T,,True,False,0,T
1182,361.0,7359,A,A,,True,False,0,G
1183,,7360,G,G,,True,False,0,G
1184,,7361,A,A,,True,False,0,A
1185,362.0,7362,G,G,,True,False,0,G
1186,363.0,7363,G,G,,True,False,0,G
1187,364.0,7364,A,A,,True,False,0,A
1188,365.0,7365,G,G,,False,False,0,G
1189,366.0,7366,A,A,,False,False,0,A
1190,367.0,7367,A,A,,False,False,0,A
1191,368.0,7368,T,T,,False,False,0,T
1192,369.0,7369,T,T,,False,False,0,T
1193,370.0,7370,T,T,,False,False,0,T
1194,371.0,7371,T,T,,False,False,0,T
1195,372.0,7372,T,T,,False,False,0,T
1196,373.0,7373,C,C,,False,False,0,C
1197,374.0,7374,T,T,,True,False,0,T
1198,375.0,7375,A,A,,True,False,0,A
1199,376.0,7376,T,T,,True,False,0,T
1200,377.0,7377,T,T,,False,False,0,T
1201,,7378,G,G,,False,False,0,G
1202,378.0,7379,C,C,,False,False,0,C
1203,,7380,A,A,,True,False,0,A
1204,,7381,A,A,,True,False,0,A
1205,,7382,T,T,,True,False,0,T
1206,379.0,7383,A,A,,False,False,0,A
1207,,7384,C,C,,False,False,0,C
1208,380.0,7385,A,A,,False,False,0,A
1209,381.0,7386,T,T,,True,False,0,T
1210,,7387,C,C,,True,False,0,C
1211,,7388,A,A,,True,False,0,A
1212,382.0,7389,G,A,,True,False,0,G
1213,383.0,7390,A,A,,True,False,0,A
1214,384.0,7391,C,A,,True,False,0,T
1215,385.0,7392,C,C,,False,False,0,C
1216,386.0,7393,T,T,,False,False,0,T
1217,387.0,7394,G,G,,False,False,0,G
1218,388.0,7395,T,T,,False,False,0,T
1219,389.0,7396,T,T,,False,False,0,T
1220,390.0,7397,T,T,,False,False,0,T
1221,391.0,7398,A,A,,True,False,0,T
1222,392.0,7399,A,A,,True,False,0,T
1223,393.0,7400,T,T,,True,False,0,T
1224,394.0,7401,G,A,,True,False,0,A
1225,395.0,7402,G,G,,True,False,0,A
1226,396.0,7403,T,T,,True,False,0,T
1227,397.0,7404,A,A,,True,False,0,A
1228,398.0,7405,C,C,,True,False,0,A
1229,399.0,7406,A,A,,True,False,0,G
1230,400.0,7407,T,T,,True,False,0,A
1231,401.0,7408,A,A,,True,False,0,C
1232,402.0,7409,C,C,,True,False,0,A
1233,403.0,7410,A,A,,True,False,0,T
1234,404.0,7411,A,A,,True,False,0,T
1235,405.0,7412,T,A,,True,False,0,T
1236,406.0,7413,A,A,,True,False,0,G
1237,407.0,7414,A,T,,True,False,0,A
1238,408.0,7415,C,A,,True,False,0,T
1239,409.0,7416,A,A,,True,False,0,G
1240,410.0,7417,T,T,,True,False,0,A
1241,411.0,7418,T,-,,True,False,0,G
1242,412.0,7419,A,-,,True,False,0,A
1243,413.0,7420,G,-,,True,False,0,C
1244,414.0,7421,T,-,,True,False,0,A
1245,415.0,7422,G,-,,True,False,0,T
1246,416.0,7423,T,-,,True,False,0,A
1247,417.0,7424,C,-,,True,False,0,T
1248,,7425,-,-,,True,False,0,-
1249,,7426,-,-,,True,False,0,-
1250,,7427,-,-,,True,False,0,-
1251,,7428,-,-,,True,False,0,-
1252,,7429,-,-,,True,False,0,-
1253,,7430,-,-,,True,False,0,-
1254,,7431,-,-,,True,False,0,-
1255,,7432,-,-,,True,False,0,-
1256,,7433,-,-,,True,False,0,-
1257,418.0,7434,A,-,,True,False,0,A
1258,419.0,7435,C,-,,True,False,0,G
1259,420.0,7436,T,-,,True,False,0,T
1260,421.0,7437,A,-,,True,False,0,A
1261,422.0,7438,G,-,,True,False,0,C
1262,423.0,7439,T,-,,True,False,0,A
1263,424.0,7440,A,A,,True,False,0,G
1264,425.0,7441,C,C,,True,False,0,G
1265,426.0,7442,T,T,,True,False,0,A
1266,427.0,7443,T,A,,True,False,0,A
1267,428.0,7444,C,A,,True,False,0,G
1268,429.0,7445,A,T,,True,False,0,T
1269,430.0,7446,G,A,,True,False,0,A
1270,431.0,7447,A,A,,True,False,0,A
1271,432.0,7448,T,T,,True,False,0,T
1272,433.0,7449,T,A,,True,False,0,T
1273,434.0,7450,C,A,,True,False,0,C
1274,435.0,7451,A,T,,True,False,0,A
1275,436.0,7452,A,A,,True,False,0,A
1276,437.0,7453,G,C,,True,False,0,C
1277,438.0,7454,T,A,,True,False,0,A
1278,439.0,7455,A,A,,True,False,0,A
1279,440.0,7456,C,A,,True,False,0,A
1280,441.0,7457,A,T,,True,False,0,T
1281,442.0,7458,C,G,,True,False,0,T
1282,443.0,7459,C,C,,True,False,0,C
1283,444.0,7460,A,A,,True,False,0,A
1284,445.0,7461,C,A,,True,False,0,A
1285,446.0,7462,A,C,,True,False,0,C
1286,,7463,C,C,,True,False,0,C
1287,,7464,A,A,,True,False,0,A
1288,,7465,T,T,,True,False,0,T
1289,,7466,C,C,,True,False,0,C
1290,,7467,A,A,,True,False,0,A
1291,,7468,C,C,,True,False,0,C
1292,,7469,A,A,,True,False,0,A
1293,,7470,C,C,,False,False,0,C
1294,,7471,T,T,,False,False,0,T
1295,,7472,C,C,,False,False,0,C
1296,,7473,C,C,,True,False,0,C
1297,447.0,7474,A,C,,True,False,0,C
1298,,7475,A,A,,True,False,0,A
1299,,7476,T,T,,False,False,0,T
1300,,7477,G,G,,False,False,0,G
1301,,7478,C,C,,False,False,0,C
1302,,7479,A,A,,True,False,0,A
1303,,7480,G,G,,True,False,0,G
1304,,7481,A,A,,True,False,0,A
1305,,7482,A,A,,False,False,0,A
1306,,7483,T,T,,False,False,0,T
1307,,7484,A,A,,False,False,0,A
1308,,7485,A,A,,True,False,0,A
1309,,7486,A,A,,True,False,0,A
1310,448.0,7487,A,A,,True,False,0,A
1311,,7488,C,C,,False,False,0,C
1312,,7489,A,A,,False,False,0,A
1313,,7490,A,A,,False,False,0,A
1314,,7491,A,A,,True,False,0,A
1315,,7492,T,T,,True,False,0,T
1316,449.0,7493,T,T,,True,False,0,T
1317,,7494,A,A,,False,False,0,A
1318,,7495,T,T,,False,False,0,T
1319,,7496,A,A,,False,False,0,A
1320,450.0,7497,A,A,,True,False,0,A
1321,,7498,A,A,,True,False,0,A
1322,,7499,C,C,,True,False,0,C
1323,,7500,A,A,,True,False,0,A
1324,,7501,T,T,,True,False,0,T
1325,,7502,G,G,,True,False,0,G
1326,451.0,7503,T,T,,True,False,0,T
1327,,7504,G,G,,True,False,0,G
1328,,7505,G,G,,True,False,0,G
1329,,7506,C,C,,True,False,0,C
1330,,7507,A,A,,True,False,0,A
1331,,7508,G,G,,True,False,0,G
1332,,7509,G,G,,True,False,0,G
1333,,7510,A,A,,True,False,0,A
1334,452.0,7511,G,G,,True,False,0,G
1335,,7512,G,G,,True,False,0,G
1336,,7513,T,T,,True,False,0,T
1337,453.0,7514,G,A,,True,False,0,G
1338,,7515,G,G,,True,False,0,G
1339,,7516,G,G,,True,False,0,G
1340,454.0,7517,A,A,,True,False,0,T
1341,,7518,C,C,,True,False,0,C
1342,,7519,G,G,,True,False,0,G
1343,,7520,A,A,,True,False,0,A
1344,,7521,G,G,,False,False,0,G
1345,,7522,C,C,,False,False,0,C
1346,,7523,A,A,,False,False,0,A
1347,,7524,A,A,,False,False,0,A
1348,,7525,T,T,,False,False,0,T
1349,,7526,G,G,,False,False,0,G
1350,,7527,T,T,,False,False,0,T
1351,,7528,A,A,,False,False,0,A
1352,,7529,T,T,,False,False,0,T
1353,455.0,7530,G,G,,False,False,0,G
1354,,7531,C,C,,False,False,0,C
1355,,7532,C,C,,False,False,0,C
1356,456.0,7533,C,C,,True,False,0,T
1357,,7534,C,C,,True,False,0,C
1358,457.0,7535,T,T,,True,False,0,T
1359,,7536,C,C,,False,False,0,C
1360,,7537,C,C,,False,False,0,C
1361,458.0,7538,C,C,,False,False,0,T
1362,,7539,A,A,,True,False,0,A
1363,,7540,T,T,,True,False,0,T
1364,,7541,T,T,,True,False,0,T
1365,,7542,G,G,,True,False,0,G
1366,,7543,C,C,,True,False,0,C
1367,459.0,7544,A,A,,True,False,0,A
1368,,7545,G,G,,True,False,0,G
1369,,7546,G,G,,True,False,0,G
1370,,7547,A,A,,True,False,0,A
1371,460.0,7548,A,A,,True,False,0,G
1372,,7549,A,A,,True,False,0,A
1373,461.0,7550,T,C,,True,False,0,A
1374,,7551,A,A,,True,False,0,A
1375,,7552,T,T,,True,False,0,T
1376,,7553,A,A,,True,False,0,A
1377,,7554,A,A,,True,False,0,A
1378,,7555,C,C,,True,False,0,C
1379,,7556,A,A,,True,False,0,A
1380,,7557,T,T,,True,False,0,T
1381,,7558,G,G,,True,False,0,G
1382,,7559,T,T,,True,False,0,T
1383,,7560,A,A,,True,False,0,A
1384,,7561,A,A,,True,False,0,A
1385,462.0,7562,C,A,,True,False,0,A
1386,,7563,T,T,,True,False,0,T
1387,,7564,C,C,,True,False,0,C
1388,,7565,A,A,,True,False,0,A
1389,,7566,A,A,,True,False,0,A
1390,,7567,A,A,,True,False,0,A
1391,,7568,T,T,,True,False,0,T
1392,,7569,A,A,,False,False,0,A
1393,,7570,T,T,,False,False,0,T
1394,,7571,C,C,,False,False,0,C
1395,,7572,A,A,,False,False,0,A
1396,,7573,C,C,,False,False,0,C
1397,463.0,7574,A,A,,False,False,0,A
1398,,7575,G,G,,False,False,0,G
1399,,7576,G,G,,False,False,0,G
1400,464.0,7577,A,A,,False,False,0,A
1401,465.0,7578,C,C,,False,False,0,C
1402,,7579,T,T,,False,False,0,T
1403,,7580,A,A,,False,False,0,A
1404,,7581,C,C,,False,False,0,C
1405,,7582,T,T,,False,False,0,T
1406,,7583,A,A,,False,False,0,A
1407,,7584,T,T,,False,False,0,T
1408,,7585,T,T,,False,False,0,T
1409,,7586,G,G,,False,False,0,G
1410,,7587,A,A,,True,False,0,A
1411,466.0,7588,C,C,,True,False,0,C
1412,,7589,A,A,,True,False,0,A
1413,,7590,C,C,,True,False,0,C
1414,,7591,G,G,,True,False,0,G
1415,467.0,7592,T,T,,True,False,0,T
1416,,7593,G,G,,True,False,0,G
1417,,7594,A,A,,True,False,0,A
1418,468.0,7595,T,T,,True,False,0,T
1419,,7596,G,G,,True,False,0,G
1420,,7597,G,G,,True,False,0,G
1421,,7598,A,A,,True,False,0,A
1422,,7599,G,G,,True,False,0,G
1423,,7600,G,G,,True,False,0,G
1424,469.0,7601,A,A,,True,False,0,A
1425,470.0,7601a,-,A,,True,False,0,-
1426,471.0,7601b,-,A,,True,False,0,-
1427,472.0,7601c,-,-,,True,False,0,-
1428,473.0,7602,A,A,,True,False,0,G
1429,474.0,7603,G,A,,True,False,0,G
1430,475.0,7604,A,A,,True,False,0,A
1431,476.0,7605,G,A,,True,False,0,A
1432,477.0,7606,A,A,,True,False,0,A
1433,478.0,7607,A,A,,True,False,0,C
1434,479.0,7608,A,A,,True,False,0,A
1435,480.0,7609,G,A,,True,False,0,A
1436,481.0,7610,T,T,,True,False,0,C
1437,482.0,7611,A,A,,True,False,0,A
1438,483.0,7612,A,A,,True,False,0,G
1439,484.0,7613,T,T,,True,False,0,T
1440,485.0,7614,G,G,,True,False,0,A
1441,486.0,7615,A,A,,True,False,0,C
1442,487.0,7616,G,C,,True,False,0,A
1443,488.0,7617,A,A,,True,False,0,G
1444,489.0,7618,C,C,,True,False,0,A
1445,490.0,7619,A,A,,True,False,0,A
1446,491.0,7620,G,G,,True,False,0,G
1447,492.0,7621,A,A,,True,False,0,A
1448,493.0,7622,G,G,,True,False,0,G
1449,494.0,7623,A,A,,True,False,0,A
1450,495.0,7624,C,T,,True,False,0,C
1451,496.0,7625,A,A,,True,False,0,A
1452,497.0,7626,T,T,,False,False,0,T
1453,498.0,7627,T,T,,False,False,0,T
1454,499.0,7628,C,C,,False,False,0,C
1455,500.0,7629,A,A,,True,False,0,A
1456,501.0,7630,G,G,,True,False,0,G
1457,502.0,7631,A,A,,True,False,0,A
1458,503.0,7632,C,C,,False,False,0,C
1459,504.0,7633,C,C,,False,False,0,C
1460,505.0,7634,T,T,,False,False,0,T
1461,506.0,7635,G,G,,False,False,0,G
1462,507.0,7636,G,G,,False,False,0,G
1463,508.0,7637,A,A,,False,False,0,A
1464,509.0,7638,G,G,,False,False,0,G
1465,510.0,7639,G,G,,False,False,0,G
1466,511.0,7640,A,A,,False,False,0,A
1467,512.0,7641,G,G,,True,False,0,G
1468,513.0,7642,G,G,,True,False,0,G
1469,514.0,7643,A,A,,True,False,0,A
1470,515.0,7644,G,G,,True,False,0,A
1471,516.0,7645,A,A,,True,False,0,A
1472,,7646,T,T,,True,False,0,T
1473,,7647,A,A,,True,False,0,A
1474,,7648,T,T,,True,False,0,T
1475,,7649,G,G,,True,False,0,G
1476,517.0,7650,A,A,,True,False,0,A
1477,,7651,G,G,,True,False,0,G
1478,,7652,G,G,,True,False,0,G
1479,518.0,7653,A,G,,False,False,0,G
1480,,7654,A,A,,False,False,0,A
1481,,7655,C,C,,False,False,0,C
1482,,7656,A,A,,False,False,0,A
1483,,7657,A,A,,False,False,0,A
1484,519.0,7658,T,T,,False,False,0,C
1485,,7659,T,T,,False,False,0,T
1486,,7660,G,G,,False,False,0,G
1487,,7661,G,G,,False,False,0,G
1488,,7662,A,A,,True,False,0,A
1489,,7663,G,G,,True,False,0,G
1490,,7664,A,A,,True,False,0,A
1491,,7665,A,A,,True,False,0,A
1492,,7666,G,G,,True,False,0,G
1493,,7667,T,T,,True,False,0,T
1494,,7668,G,G,,True,False,0,G
1495,,7669,A,A,,True,False,0,A
1496,,7670,A,A,,True,False,0,A
1497,520.0,7671,T,T,,False,False,0,T
1498,,7672,T,T,,False,False,0,T
1499,,7673,A,A,,False,False,0,A
1500,,7674,T,T,,True,False,0,T
1501,,7675,A,A,,True,False,0,A
1502,,7676,T,T,,True,False,0,T
1503,,7677,A,A,,True,False,0,A
1504,,7678,A,A,,True,False,0,A
1505,,7679,A,A,,True,False,0,A
1506,,7680,T,T,,False,False,0,T
1507,,7681,A,A,,False,False,0,A
1508,,7682,T,T,,False,False,0,T
1509,,7683,A,A,,True,False,0,A
1510,,7684,A,A,,True,False,0,A
1511,,7685,A,A,,True,False,0,A
1512,,7686,G,G,,True,False,0,G
1513,,7687,T,T,,True,False,0,T
1514,521.0,7688,A,G,,True,False,0,G
1515,,7689,G,G,,False,False,0,G
1516,,7690,T,T,,False,False,0,T
1517,522.0,7691,A,A,,False,False,0,A
1518,,7692,G,G,,False,False,0,G
1519,,7693,A,A,,False,False,0,A
1520,523.0,7694,A,A,,False,False,0,A
1521,524.0,7695,A,A,,False,False,0,G
1522,,7696,T,T,,False,False,0,T
1523,,7697,T,T,,False,False,0,T
1524,,7698,A,A,,False,False,0,A
1525,,7699,A,A,,False,False,0,A
1526,525.0,7700,A,G,,False,False,0,G
1527,,7701,C,C,,False,False,0,C
1528,526.0,7702,C,C,,False,False,0,C
1529,,7703,A,A,,False,False,0,A
1530,,7704,T,T,,False,False,0,T
1531,,7705,T,T,,False,False,0,T
1532,,7706,A,G,,False,False,0,A
1533,527.0,7707,G,G,,False,False,0,G
1534,528.0,7708,G,G,,False,False,0,G
1535,,7709,A,A,,False,False,0,A
1536,,7710,A,G,,False,False,0,A
1537,,7711,T,T,,False,False,0,T
1538,,7712,A,A,,False,False,0,A
1539,,7713,G,G,,False,False,0,G
1540,,7714,C,C,,False,False,0,C
1541,,7715,A,A,,False,False,0,A
1542,,7716,C,C,,False,False,0,C
1543,,7717,C,C,,False,False,0,C
1544,,7718,C,C,,False,False,0,C
1545,,7719,A,A,,False,False,0,A
1546,,7720,C,C,,False,False,0,C
1547,,7721,T,T,,False,False,0,T
1548,529.0,7722,G,G,,False,False,0,G
1549,530.0,7723,A,A,,False,False,0,A
1550,531.0,7724,A,G,,False,False,0,A
1551,,7725,G,G,,False,False,0,G
1552,,7726,C,C,,False,False,0,C
1553,,7727,A,A,,False,False,0,A
1554,532.0,7728,A,A,,False,False,0,A
1555,533.0,7729,A,A,,False,False,0,G
1556,,7730,A,A,,False,False,0,A
1557,,7731,A,A,,False,False,0,A
1558,,7732,G,G,,False,False,0,G
1559,,7733,G,G,,False,False,0,G
1560,,7734,A,A,,False,False,0,A
1561,,7735,G,G,,False,False,0,G
1562,,7736,A,A,,False,False,0,A
1563,,7737,G,G,,False,False,0,G
1564,534.0,7738,T,T,,False,False,0,T
1565,,7739,G,G,,False,False,0,G
1566,,7740,G,G,,False,False,0,G
1567,,7741,T,T,,False,False,0,T
1568,,7742,G,G,,False,False,0,G
1569,535.0,7743,G,G,,False,False,0,C
1570,,7744,A,A,,False,False,0,A
1571,,7745,G,G,,False,False,0,G
1572,,7746,A,A,,False,False,0,A
1573,536.0,7747,G,G,,False,False,0,A
1574,,7748,A,A,,False,False,0,A
1575,,7749,G,G,,False,False,0,G
1576,,7750,A,A,,False,False,0,A
1577,537.0,7751,G,A,,False,False,0,G
1578,,7752,A,A,,False,False,0,A
1579,538.0,7753,A,A,,False,False,0,A
1580,,7754,A,A,,False,False,0,A
1581,539.0,7755,C,A,,False,False,0,A
1582,,7756,G,G,,False,False,0,G
1583,,7757,A,A,,False,False,0,A
1584,,7758,G,G,,False,False,0,G
1585,,7759,C,C,,False,False,0,C
1586,,7760,A,A,,False,False,0,A
1587,540.0,7761,G,G,,False,False,0,G
1588,,7762,T,T,,False,False,0,T
1589,,7763,A,G,,False,False,0,A
1590,541.0,7763a,-,-,,False,False,0,G
1591,542.0,7763b,-,-,,False,False,0,T
1592,543.0,7763c,-,-,,False,False,0,G
1593,,7764,G,G,,False,False,0,G
1594,,7765,G,G,,False,False,0,G
1595,,7766,A,A,,False,False,0,A
1596,544.0,7767,A,A,,False,False,0,T
1597,,7768,T,T,,False,False,0,T
1598,545.0,7769,G,A,,False,False,0,A
1599,,7770,G,G,,False,False,0,G
1600,,7771,G,G,,False,False,0,G
1601,,7772,A,A,,False,False,0,A
1602,,7773,G,G,,False,False,0,G
1603,,7774,C,C,,False,False,0,C
1604,,7775,T,T,,False,False,0,T
1605,,7776,G,G,,False,False,0,G
1606,,7777,T,T,,False,False,0,T
1607,,7778,G,G,,False,False,0,G
1608,546.0,7779,A,T,,True,False,0,T
1609,,7780,T,T,,True,False,0,T
1610,,7781,C,C,,True,False,0,C
1611,547.0,7782,T,C,,True,False,0,C
1612,,7783,T,T,,True,False,0,T
1613,,7784,T,T,,True,False,0,T
1614,,7785,G,G,,False,False,0,G
1615,,7786,G,G,,False,False,0,G
1616,,7787,G,G,,False,False,0,G
1617,,7788,T,T,,False,False,0,T
1618,,7789,T,T,,False,False,0,T
1619,,7790,C,C,,False,False,0,C
1620,,7791,T,T,,False,False,0,T
1621,,7792,T,T,,False,False,0,T
1622,,7793,G,G,,False,False,0,G
1623,,7794,G,G,,False,False,0,G
1624,,7795,G,G,,False,False,0,G
1625,548.0,7796,A,A,,False,False,0,A
1626,549.0,7797,G,G,,False,False,0,A
1627,,7798,C,C,,False,False,0,C
1628,550.0,7799,A,A,,False,False,0,A
1629,,7800,G,G,,False,False,0,G
1630,,7801,C,C,,False,False,0,C
1631,,7802,A,A,,False,False,0,A
1632,,7803,G,G,,False,False,0,G
1633,,7804,G,G,,False,False,0,G
1634,,7805,A,A,,False,False,0,A
1635,,7806,A,A,,True,False,0,A
1636,,7807,G,G,,True,False,0,G
1637,,7808,C,C,,True,False,0,C
1638,551.0,7809,A,A,,True,False,0,A
1639,,7810,C,C,,True,False,0,C
1640,,7811,T,T,,True,False,0,T
1641,,7812,A,A,,False,False,0,A
1642,,7813,T,T,,False,False,0,T
1643,,7814,G,G,,False,False,0,G
1644,,7815,G,G,,False,False,0,G
1645,,7816,G,G,,False,False,0,G
1646,,7817,C,C,,False,False,0,C
1647,,7818,G,G,,True,False,0,G
1648,,7819,C,C,,True,False,0,C
1649,552.0,7820,G,G,,True,False,0,A
1650,,7821,G,G,,False,False,0,G
1651,,7822,C,C,,False,False,0,C
1652,553.0,7823,G,G,,False,False,0,A
1653,,7824,T,T,,False,False,0,T
1654,,7825,C,C,,False,False,0,C
1655,,7826,A,A,,False,False,0,A
1656,,7827,A,A,,False,False,0,A
1657,,7828,T,T,,False,False,0,T
1658,554.0,7829,G,A,,False,False,0,A
1659,555.0,7830,G,A,,True,False,0,A
1660,,7831,C,C,,True,False,0,C
1661,,7832,G,G,,True,False,0,G
1662,,7833,C,C,,False,False,0,C
1663,,7834,T,T,,False,False,0,T
1664,,7835,G,G,,False,False,0,G
1665,,7836,A,A,,False,False,0,A
1666,,7837,C,C,,False,False,0,C
1667,,7838,G,G,,False,False,0,G
1668,,7839,G,G,,True,False,0,G
1669,556.0,7840,T,T,,True,False,0,T
1670,,7841,A,A,,True,False,0,A
1671,,7842,C,C,,False,False,0,C
1672,,7843,A,A,,False,False,0,A
1673,,7844,G,G,,False,False,0,G
1674,,7845,G,G,,False,False,0,G
1675,,7846,C,C,,False,False,0,C
1676,,7847,C,C,,False,False,0,C
1677,,7848,A,A,,False,False,0,A
1678,557.0,7849,G,G,,False,False,0,G
1679,,7850,A,A,,False,False,0,A
1680,,7851,C,C,,True,False,0,C
1681,,7852,A,A,,True,False,0,A
1682,,7853,A,A,,True,False,0,A
1683,558.0,7854,C,T,,False,False,0,T
1684,,7855,T,T,,False,False,0,T
1685,559.0,7856,G,G,,False,False,0,A
1686,560.0,7857,C,T,,False,False,0,T
1687,,7858,T,T,,False,False,0,T
1688,,7859,G,G,,False,False,0,G
1689,,7860,T,T,,False,False,0,T
1690,,7861,C,C,,False,False,0,C
1691,,7862,T,T,,False,False,0,T
1692,,7863,G,G,,False,False,0,G
1693,,7864,G,G,,False,False,0,G
1694,,7865,T,T,,False,False,0,T
1695,,7866,A,A,,False,False,0,A
1696,,7867,T,T,,False,False,0,T
1697,,7868,A,A,,False,False,0,A
1698,,7869,G,G,,False,False,0,G
1699,,7870,T,T,,False,False,0,T
1700,,7871,G,G,,False,False,0,G
1701,,7872,C,C,,False,False,0,C
1702,,7873,A,A,,False,False,0,A
1703,,7874,A,A,,False,False,0,A
1704,,7875,C,C,,False,False,0,C
1705,,7876,A,A,,False,False,0,A
1706,,7877,G,G,,False,False,0,G
1707,,7878,C,C,,False,False,0,C
1708,,7879,A,A,,False,False,0,A
1709,,7880,A,A,,False,False,0,A
1710,,7881,A,A,,False,False,0,A
1711,,7882,G,G,,False,False,0,G
1712,561.0,7883,C,C,,False,False,0,C
1713,,7884,A,A,,False,False,0,A
1714,,7885,A,A,,False,False,0,A
1715,,7886,T,T,,False,False,0,T
1716,,7887,T,T,,False,False,0,T
1717,,7888,T,T,,False,False,0,T
1718,,7889,G,G,,False,False,0,G
1719,,7890,C,C,,False,False,0,C
1720,,7891,T,T,,False,False,0,T
1721,,7892,G,G,,False,False,0,G
1722,,7893,A,A,,False,False,0,A
1723,,7894,G,G,,False,False,0,G
1724,562.0,7895,A,G,,False,False,0,G
1725,,7896,G,G,,False,False,0,G
1726,,7897,C,C,,False,False,0,C
1727,,7898,T,T,,False,False,0,T
1728,,7899,A,A,,False,False,0,A
1729,,7900,T,T,,False,False,0,T
1730,,7901,A,A,,False,False,0,A
1731,,7902,G,G,,False,False,0,G
1732,,7903,A,A,,False,False,0,A
1733,,7904,G,G,,False,False,0,G
1734,,7905,G,G,,False,False,0,G
1735,563.0,7906,C,C,,False,False,0,C
1736,564.0,7907,G,G,,False,False,0,G
1737,,7908,C,C,,False,False,0,C
1738,,7909,A,A,,False,False,0,A
1739,,7910,A,A,,False,False,0,A
1740,,7911,C,C,,False,False,0,C
1741,,7912,A,A,,False,False,0,A
1742,565.0,7913,G,G,,False,False,0,G
1743,,7914,C,C,,False,False,0,C
1744,,7915,A,A,,False,False,0,A
1745,,7916,T,T,,False,False,0,T
1746,,7917,A,A,,False,False,0,A
1747,,7918,T,T,,False,False,0,T
1748,,7919,G,G,,False,False,0,G
1749,,7920,T,T,,False,False,0,T
1750,,7921,T,T,,False,False,0,T
1751,,7922,G,G,,False,False,0,G
1752,,7923,C,C,,False,False,0,C
1753,,7924,A,A,,False,False,0,A
1754,566.0,7925,A,A,,False,False,0,A
1755,,7926,C,C,,False,False,0,C
1756,,7927,T,T,,False,False,0,T
1757,,7928,C,C,,False,False,0,C
1758,,7929,A,A,,True,False,0,A
1759,,7930,C,C,,True,False,0,C
1760,567.0,7931,A,G,,True,False,0,G
1761,,7932,G,G,,False,False,0,G
1762,,7933,T,T,,False,False,0,T
1763,,7934,C,C,,False,False,0,C
1764,,7935,T,T,,False,False,0,T
1765,,7936,G,G,,False,False,0,G
1766,,7937,G,G,,False,False,0,G
1767,,7938,G,G,,False,False,0,G
1768,,7939,G,G,,False,False,0,G
1769,,7940,C,C,,False,False,0,C
1770,,7941,A,A,,True,False,0,A
1771,,7942,T,T,,True,False,0,T
1772,568.0,7943,C,T,,True,False,0,T
1773,,7944,A,A,,False,False,0,A
1774,,7945,A,A,,False,False,0,A
1775,,7946,G,G,,False,False,0,G
1776,,7947,C,C,,False,False,0,C
1777,,7948,A,A,,False,False,0,A
1778,,7949,G,G,,False,False,0,G
1779,,7950,C,C,,False,False,0,C
1780,,7951,T,T,,False,False,0,T
1781,,7952,C,C,,False,False,0,C
1782,,7953,C,C,,False,False,0,C
1783,,7954,A,A,,False,False,0,A
1784,,7955,G,G,,False,False,0,G
1785,,7956,G,A,,False,False,0,G
1786,,7957,C,C,,False,False,0,C
1787,,7958,A,A,,False,False,0,A
1788,,7959,A,A,,False,False,0,A
1789,,7960,G,G,,False,False,0,G
1790,,7961,A,A,,False,False,0,A
1791,,7962,G,G,,False,False,0,G
1792,,7963,T,T,,False,False,0,T
1793,,7964,C,C,,False,False,0,C
1794,,7965,C,C,,False,False,0,C
1795,,7966,T,T,,False,False,0,T
1796,,7967,G,G,,False,False,0,G
1797,,7968,G,G,,False,False,0,G
1798,,7969,C,C,,False,False,0,C
1799,569.0,7970,T,T,,False,False,0,C
1800,570.0,7971,A,A,,False,False,0,A
1801,,7972,T,T,,False,False,0,T
1802,,7973,A,A,,False,False,0,A
1803,,7974,G,G,,False,False,0,G
1804,,7975,A,A,,False,False,0,A
1805,571.0,7976,A,A,,False,False,0,A
1806,,7977,A,A,,False,False,0,A
1807,,7978,G,G,,False,False,0,G
1808,,7979,A,A,,False,False,0,A
1809,,7980,T,T,,False,False,0,T
1810,572.0,7981,A,A,,False,False,0,A
1811,,7982,C,C,,False,False,0,C
1812,,7983,C,C,,False,False,0,C
1813,,7984,T,T,,False,False,0,T
1814,,7985,A,A,,False,False,0,A
1815,,7986,A,A,,True,False,0,A
1816,,7987,A,A,,True,False,0,A
1817,573.0,7988,A,G,,True,False,0,G
1818,,7989,G,G,,False,False,0,G
1819,,7990,A,A,,False,False,0,A
1820,,7991,T,T,,False,False,0,T
1821,,7992,C,C,,False,False,0,C
1822,,7993,A,A,,False,False,0,A
1823,,7994,A,A,,False,False,0,A
1824,,7995,C,C,,False,False,0,C
1825,,7996,A,A,,False,False,0,A
1826,,7997,G,G,,False,False,0,G
1827,,7998,C,C,,True,False,0,C
1828,,7999,T,T,,True,False,0,T
1829,,8000,C,C,,True,False,0,C
1830,,8001,C,C,,False,False,0,C
1831,,8002,T,T,,False,False,0,T
1832,,8003,A,A,,False,False,0,A
1833,,8004,G,G,,False,False,0,G
1834,,8005,G,G,,False,False,0,G
1835,,8006,G,G,,False,False,0,G
1836,574.0,8007,C,A,,False,False,0,A
1837,,8008,T,T,,False,False,0,T
1838,575.0,8009,T,T,,False,False,0,G
1839,,8010,T,T,,False,False,0,T
1840,,8011,G,G,,False,False,0,G
1841,,8012,G,G,,False,False,0,G
1842,,8013,G,G,,False,False,0,G
1843,,8014,G,G,,False,False,0,G
1844,576.0,8015,C,C,,False,False,0,A
1845,,8016,T,T,,False,False,0,T
1846,,8017,G,G,,False,False,0,G
1847,,8018,C,C,,False,False,0,C
1848,,8019,T,T,,False,False,0,T
1849,,8020,C,C,,False,False,0,C
1850,,8021,T,T,,False,False,0,T
1851,,8022,G,G,,False,False,0,G
1852,,8023,G,G,,False,False,0,G
1853,,8024,A,A,,False,False,0,A
1854,,8025,A,A,,False,False,0,A
1855,,8026,A,A,,False,False,0,A
1856,,8027,A,A,,False,False,0,A
1857,,8028,C,C,,False,False,0,C
1858,,8029,T,T,,False,False,0,T
1859,,8030,C,C,,False,False,0,C
1860,,8031,A,A,,False,False,0,A
1861,,8032,T,T,,False,False,0,T
1862,,8033,C,C,,False,False,0,C
1863,,8034,T,T,,False,False,0,T
1864,,8035,G,G,,False,False,0,G
1865,,8036,C,C,,False,False,0,C
1866,,8037,A,A,,False,False,0,A
1867,,8038,C,C,,False,False,0,C
1868,,8039,C,C,,False,False,0,C
1869,,8040,A,A,,False,False,0,A
1870,,8041,C,C,,False,False,0,C
1871,,8042,T,T,,False,False,0,T
1872,577.0,8043,G,G,,False,False,0,A
1873,578.0,8044,C,C,,False,False,0,A
1874,579.0,8045,T,T,,False,False,0,T
1875,,8046,G,G,,False,False,0,G
1876,,8047,T,T,,False,False,0,T
1877,580.0,8048,A,G,,False,False,0,G
1878,581.0,8049,C,C,,False,False,0,T
1879,582.0,8050,C,C,,False,False,0,A
1880,,8051,T,T,,False,False,0,T
1881,,8052,T,T,,False,False,0,T
1882,,8053,G,G,,False,False,0,G
1883,,8054,G,G,,False,False,0,G
1884,,8055,A,A,,True,False,0,A
1885,,8056,A,A,,True,False,0,A
1886,583.0,8057,T,C,,True,False,0,C
1887,,8058,T,T,,True,False,0,T
1888,,8059,C,C,,True,False,0,C
1889,584.0,8060,C,C,,True,False,0,T
1890,,8061,A,A,,True,False,0,A
1891,,8062,G,G,,True,False,0,G
1892,585.0,8063,T,T,,True,False,0,T
1893,,8064,T,T,,True,False,0,T
1894,,8065,G,G,,True,False,0,G
1895,,8066,G,G,,True,False,0,G
1896,,8067,A,A,,True,False,0,A
1897,,8068,G,G,,True,False,0,G
1898,,8069,T,T,,True,False,0,T
1899,,8070,A,A,,True,False,0,A
1900,,8071,A,A,,True,False,0,A
1901,,8072,T,T,,True,False,0,T
1902,,8073,A,A,,True,False,0,A
1903,,8074,A,A,,True,False,0,A
1904,,8075,A,A,,True,False,0,A
1905,586.0,8076,T,T,,True,False,0,A
1906,,8077,C,C,,True,False,0,C
1907,,8078,T,T,,True,False,0,T
1908,587.0,8079,C,C,,False,False,0,T
1909,,8080,A,A,,False,False,0,A
1910,588.0,8081,A,A,,False,False,0,C
1911,589.0,8082,G,G,,True,False,0,A
1912,590.0,8083,C,A,,True,False,0,A
1913,591.0,8084,A,A,,True,False,0,T
1914,,8085,G,G,,True,False,0,G
1915,,8086,A,A,,True,False,0,A
1916,592.0,8087,T,T,,True,False,0,A
1917,,8088,A,A,,False,False,0,A
1918,,8089,T,T,,False,False,0,T
1919,,8090,T,T,,False,False,0,T
1920,,8091,T,T,,False,False,0,T
1921,,8092,G,G,,False,False,0,G
1922,,8093,G,G,,False,False,0,G
1923,593.0,8094,G,G,,True,False,0,G
1924,,8095,A,A,,True,False,0,A
1925,594.0,8096,T,T,,True,False,0,T
1926,,8097,A,A,,True,False,0,A
1927,,8098,A,A,,True,False,0,A
1928,,8099,C,C,,True,False,0,C
1929,,8100,A,A,,False,False,0,A
1930,,8101,T,T,,False,False,0,T
1931,,8102,G,G,,False,False,0,G
1932,,8103,A,A,,True,False,0,A
1933,,8104,C,C,,True,False,0,C
1934,595.0,8105,C,C,,True,False,0,A
1935,,8106,T,T,,False,False,0,T
1936,,8107,G,G,,False,False,0,G
1937,,8108,G,G,,False,False,0,G
1938,,8109,A,A,,False,False,0,A
1939,,8110,T,T,,False,False,0,T
1940,,8111,G,G,,False,False,0,G
1941,,8112,C,C,,True,False,0,C
1942,,8113,A,A,,True,False,0,A
1943,,8114,G,G,,True,False,0,G
1944,,8115,T,T,,False,False,0,T
1945,,8116,G,G,,False,False,0,G
1946,,8117,G,G,,False,False,0,G
1947,,8118,G,G,,False,False,0,G
1948,,8119,A,A,,False,False,0,A
1949,596.0,8120,T,T,,False,False,0,T
1950,,8121,A,A,,True,False,0,A
1951,,8122,G,G,,True,False,0,G
1952,,8123,A,A,,True,False,0,A
1953,,8124,G,G,,True,False,0,G
1954,,8125,A,A,,True,False,0,A
1955,597.0,8126,A,A,,True,False,0,A
1956,,8127,A,A,,False,False,0,A
1957,,8128,T,T,,False,False,0,T
1958,,8129,T,T,,False,False,0,T
1959,598.0,8130,A,A,,True,False,0,G
1960,599.0,8131,G,G,,True,False,0,A
1961,600.0,8132,T,T,,True,False,0,T
1962,,8133,A,A,,True,False,0,A
1963,,8134,A,A,,True,False,0,A
1964,601.0,8135,T,T,,True,False,0,C
1965,,8136,T,T,,True,False,0,T
1966,,8137,A,A,,True,False,0,A
1967,,8138,C,C,,True,False,0,C
1968,,8139,A,A,,True,False,0,A
1969,,8140,C,C,,True,False,0,C
1970,,8141,A,A,,True,False,0,A
1971,,8142,G,G,,True,False,0,G
1972,602.0,8143,G,A,,True,False,0,A
1973,,8144,C,C,,True,False,0,C
1974,,8145,A,A,,True,False,0,A
1975,603.0,8146,T,C,,True,False,0,C
1976,,8147,A,A,,True,False,0,A
1977,,8148,A,A,,False,False,0,A
1978,,8149,T,T,,False,False,0,T
1979,,8150,A,A,,False,False,0,A
1980,,8151,T,T,,False,False,0,T
1981,,8152,A,A,,False,False,0,A
1982,,8153,C,C,,False,False,0,C
1983,,8154,A,A,,True,False,0,A
1984,604.0,8155,G,G,,True,False,0,A
1985,605.0,8156,T,G,,True,False,0,G
1986,606.0,8157,T,T,,True,False,0,C
1987,,8158,T,T,,True,False,0,T
1988,,8159,G,G,,True,False,0,G
1989,,8160,C,C,,False,False,0,C
1990,,8161,T,T,,False,False,0,T
1991,,8162,T,T,,False,False,0,T
1992,,8163,G,G,,False,False,0,G
1993,,8164,A,A,,False,False,0,A
1994,,8165,A,A,,False,False,0,A
1995,,8166,G,G,,False,False,0,G
1996,607.0,8167,A,A,,False,False,0,T
1997,608.0,8168,A,C,,False,False,0,C
1998,,8169,T,T,,True,False,0,T
1999,,8170,C,C,,True,False,0,C
2000,,8171,G,G,,True,False,0,G
2001,,8172,C,C,,True,False,0,C
2002,,8173,A,A,,True,False,0,A
2003,609.0,8174,G,A,,True,False,0,A
2004,,8175,A,A,,False,False,0,A
2005,,8176,A,A,,False,False,0,A
2006,610.0,8177,C,C,,False,False,0,A
2007,,8178,C,C,,False,False,0,C
2008,,8179,A,A,,False,False,0,A
2009,,8180,G,G,,False,False,0,G
2010,,8181,C,C,,True,False,0,C
2011,611.0,8182,A,A,,True,False,0,A
2012,,8183,G,G,,True,False,0,G
2013,,8184,G,G,,False,False,0,G
2014,,8185,A,A,,False,False,0,A
2015,612.0,8186,A,A,,False,False,0,G
2016,,8187,A,A,,False,False,0,A
2017,613.0,8188,A,A,,False,False,0,G
2018,614.0,8189,A,A,,False,False,0,C
2019,,8190,A,A,,False,False,0,A
2020,,8191,A,A,,False,False,0,A
2021,,8192,T,T,,False,False,0,T
2022,,8193,G,G,,True,False,0,G
2023,,8194,A,A,,True,False,0,A
2024,,8195,A,A,,True,False,0,A
2025,,8196,A,A,,False,False,0,A
2026,,8197,A,A,,False,False,0,A
2027,615.0,8198,A,A,,False,False,0,A
2028,,8199,G,G,,False,False,0,G
2029,,8200,A,A,,False,False,0,A
2030,,8201,T,T,,False,False,0,T
2031,,8202,T,T,,True,False,0,T
2032,,8203,T,T,,True,False,0,T
2033,,8204,A,A,,True,False,0,A
2034,,8205,C,T,,True,False,0,C
2035,,8206,T,T,,True,False,0,T
2036,,8207,A,A,,True,False,0,A
2037,,8208,G,G,,False,False,0,G
2038,,8209,C,C,,False,False,0,C
2039,,8210,A,A,,False,False,0,A
2040,,8211,T,T,,False,False,0,T
2041,,8212,T,T,,False,False,0,T
2042,,8213,G,G,,False,False,0,G
2043,,8214,G,G,,False,False,0,G
2044,,8215,A,A,,False,False,0,A
2045,616.0,8216,T,C,,False,False,0,C
2046,,8217,A,A,,False,False,0,A
2047,,8218,G,G,,False,False,0,G
2048,,8219,T,T,,False,False,0,T
2049,,8220,T,T,,False,False,0,T
2050,,8221,G,G,,False,False,0,G
2051,,8222,G,G,,False,False,0,G
2052,,8223,A,A,,False,False,0,A
2053,,8224,A,A,,False,False,0,A
2054,,8225,C,A,,False,False,0,C
2055,,8226,A,A,,False,False,0,A
2056,617.0,8227,G,A,,False,False,0,A
2057,,8228,T,T,,False,False,0,T
2058,,8229,C,C,,False,False,0,C
2059,,8230,T,T,,False,False,0,T
2060,,8231,G,G,,False,False,0,G
2061,,8232,T,T,,False,False,0,T
2062,,8233,G,G,,False,False,0,G
2063,,8234,G,G,,False,False,0,G
2064,,8235,A,A,,False,False,0,A
2065,618.0,8236,A,A,,False,False,0,A
2066,,8237,T,T,,False,False,0,T
2067,,8238,T,T,,False,False,0,T
2068,,8239,G,G,,False,False,0,G
2069,,8240,G,G,,False,False,0,G
2070,,8241,T,T,,False,False,0,T
2071,,8242,T,T,,False,False,0,T
2072,,8243,T,T,,False,False,0,T
2073,619.0,8244,A,A,,False,False,0,G
2074,620.0,8245,G,A,,False,False,0,A
2075,,8246,C,C,,False,False,0,C
2076,,8247,A,A,,False,False,0,A
2077,,8248,T,T,,False,False,0,T
2078,,8249,A,A,,False,False,0,A
2079,,8250,T,A,,False,False,0,T
2080,,8251,C,C,,False,False,0,C
2081,,8252,A,A,,False,False,0,A
2082,,8253,A,A,,False,False,0,A
2083,621.0,8254,C,A,,False,False,0,A
2084,622.0,8255,A,T,,False,False,0,G
2085,,8256,T,T,,False,False,0,T
2086,,8257,G,G,,False,False,0,G
2087,,8258,G,G,,False,False,0,G
2088,,8259,C,C,,False,False,0,C
2089,,8260,T,T,,False,False,0,T
2090,623.0,8261,G,G,,False,False,0,G
2091,,8262,T,T,,False,False,0,T
2092,,8263,G,G,,False,False,0,G
2093,,8264,G,G,,False,False,0,G
2094,,8265,T,T,,False,False,0,T
2095,,8266,A,A,,False,False,0,A
2096,,8267,T,T,,False,False,0,T
2097,624.0,8268,A,A,,False,False,0,A
2098,,8269,T,T,,False,False,0,T
2099,,8270,A,A,,False,False,0,A
2100,,8271,A,A,,False,False,0,A
2101,625.0,8272,G,A,,False,False,0,A
2102,,8273,A,A,,False,False,0,A
2103,,8274,A,A,,False,False,0,A
2104,,8275,T,T,,False,False,0,T
2105,,8276,A,A,,False,False,0,A
2106,,8277,T,T,,False,False,0,T
2107,,8278,T,T,,False,False,0,T
2108,,8279,C,C,,False,False,0,C
2109,626.0,8280,G,A,,False,False,0,A
2110,,8281,T,T,,False,False,0,T
2111,,8282,A,A,,False,False,0,A
2112,,8283,A,A,,False,False,0,A
2113,,8284,T,T,,False,False,0,T
2114,627.0,8285,G,G,,False,False,0,G
2115,,8286,A,A,,False,False,0,A
2116,,8287,T,T,,False,False,0,T
2117,,8288,A,A,,False,False,0,A
2118,,8289,G,G,,False,False,0,G
2119,,8290,T,T,,False,False,0,T
2120,,8291,A,A,,False,False,0,A
2121,,8292,G,G,,False,False,0,G
2122,,8293,G,G,,False,False,0,G
2123,,8294,A,A,,False,False,0,A
2124,,8295,G,G,,False,False,0,G
2125,,8296,G,G,,False,False,0,G
2126,,8297,C,C,,False,False,0,C
2127,,8298,T,T,,False,False,0,T
2128,,8299,T,T,,False,False,0,T
2129,628.0,8300,G,G,,False,False,0,A
2130,,8301,A,A,,False,False,0,A
2131,,8302,T,T,,False,False,0,T
2132,,8303,A,A,,False,False,0,A
2133,,8304,G,G,,False,False,0,G
2134,629.0,8305,G,G,,False,False,0,G
2135,630.0,8306,T,T,,False,False,0,T
2136,,8307,T,T,,False,False,0,T
2137,,8308,T,T,,False,False,0,T
2138,,8309,A,A,,False,False,0,A
2139,,8310,A,A,,False,False,0,A
2140,,8311,G,G,,False,False,0,G
2141,,8312,A,A,,False,False,0,A
2142,,8313,A,A,,False,False,0,A
2143,,8314,T,T,,False,False,0,T
2144,,8315,A,A,,False,False,0,A
2145,,8316,A,A,,False,False,0,A
2146,,8317,T,T,,False,False,0,T
2147,,8318,T,T,,False,False,0,T
2148,,8319,T,T,,False,False,0,T
2149,,8320,T,T,,False,False,0,T
2150,,8321,T,T,,False,False,0,T
2151,,8322,G,G,,False,False,0,G
2152,631.0,8323,C,C,,False,False,0,C
2153,,8324,T,T,,False,False,0,T
2154,,8325,G,G,,False,False,0,G
2155,,8326,T,T,,False,False,0,T
2156,,8327,G,G,,False,False,0,G
2157,632.0,8328,C,C,,False,False,0,C
2158,,8329,T,T,,False,False,0,T
2159,,8330,C,C,,False,False,0,C
2160,,8331,T,T,,False,False,0,T
2161,,8332,C,C,,False,False,0,C
2162,633.0,8333,T,T,,False,False,0,G
2163,634.0,8334,A,A,,False,False,0,C
2164,,8335,T,T,,False,False,0,T
2165,,8336,A,A,,False,False,0,A
2166,,8337,G,G,,False,False,0,G
2167,,8338,T,T,,False,False,0,T
2168,635.0,8339,G,G,,False,False,0,G
2169,,8340,A,A,,False,False,0,A
2170,,8341,A,A,,False,False,0,A
2171,,8342,T,T,,False,False,0,T
2172,,8343,A,A,,False,False,0,A
2173,,8344,G,G,,False,False,0,G
2174,,8345,A,A,,False,False,0,A
2175,,8346,G,G,,False,False,0,G
2176,,8347,T,T,,False,False,0,T
2177,,8348,T,T,,False,False,0,T
2178,,8349,A,A,,False,False,0,A
2179,,8350,G,G,,False,False,0,G
2180,,8351,G,G,,False,False,0,G
2181,,8352,C,C,,False,False,0,C
2182,,8353,A,A,,False,False,0,A
2183,,8354,G,G,,False,False,0,G
2184,,8355,G,G,,False,False,0,G
2185,,8356,G,G,,False,False,0,G
2186,,8357,A,A,,False,False,0,A
2187,,8358,T,T,,False,False,0,T
2188,,8359,A,A,,False,False,0,A
2189,,8360,C,C,,False,False,0,C
2190,,8361,T,T,,False,False,0,T
2191,,8362,C,C,,False,False,0,C
2192,,8363,A,A,,False,False,0,A
2193,,8364,C,C,,False,False,0,C
2194,,8365,C,C,,False,False,0,C
2195,,8366,T,T,,False,False,0,T
2196,,8367,T,T,,False,False,0,T
2197,,8368,T,T,,False,False,0,T
2198,,8369,G,G,,False,False,0,G
2199,,8370,T,T,,False,False,0,T
2200,,8371,C,C,,False,False,0,C
2201,636.0,8372,G,G,,False,False,0,A
2202,,8373,T,T,,False,False,0,T
2203,,8374,T,T,,False,False,0,T
2204,,8375,T,T,,False,False,0,T
2205,,8376,C,C,,False,False,0,C
2206,,8377,A,A,,False,False,0,A
2207,,8378,G,G,,False,False,0,G
2208,,8379,A,A,,False,False,0,A
2209,,8380,C,C,,False,False,0,C
2210,,8381,C,C,,False,False,0,C
2211,,8382,C,C,,False,False,0,C
2212,,8383,T,T,,False,False,0,T
2213,637.0,8384,T,T,,False,False,0,T
2214,,8385,A,A,,False,False,0,A
2215,,8386,C,C,,False,False,0,C
2216,,8387,C,C,,False,False,0,C
2217,,8388,C,C,,False,False,0,C
2218,,8389,C,C,,False,False,0,C
2219,,8390,A,A,,False,False,0,A
2220,,8391,A,A,,False,False,0,A
2221,,8392,A,A,,False,False,0,A
2222,,8393,C,C,,False,False,0,C
2223,638.0,8394,C,C,,False,False,0,C
2224,639.0,8395,A,C,,False,False,0,C
2225,,8396,G,G,,False,False,0,G
2226,,8397,A,A,,False,False,0,A
2227,,8398,G,G,,False,False,0,G
2228,,8399,G,G,,False,False,0,G
2229,,8400,G,G,,False,False,0,G
2230,640.0,8401,G,G,,False,False,0,A
2231,,8402,A,A,,False,False,0,A
2232,,8403,C,C,,False,False,0,C
2233,641.0,8404,C,C,,False,False,0,T
2234,,8405,C,C,,False,False,0,C
2235,,8406,G,G,,False,False,0,G
2236,,8407,A,A,,False,False,0,A
2237,,8408,C,C,,False,False,0,C
2238,,8409,A,A,,False,False,0,A
2239,,8410,G,G,,False,False,0,G
2240,,8411,G,G,,False,False,0,G
2241,,8412,C,C,,False,False,0,C
2242,,8413,T,T,,False,False,0,T
2243,,8414,C,C,,False,False,0,C
2244,,8415,G,G,,False,False,0,G
2245,,8416,G,G,,False,False,0,G
2246,,8417,A,A,,False,False,0,A
2247,642.0,8418,A,A,,False,False,0,G
2248,643.0,8419,A,G,,False,False,0,G
2249,644.0,8420,A,A,,False,False,0,A
2250,,8421,A,A,,False,False,0,A
2251,,8422,T,T,,False,False,0,T
2252,,8423,C,C,,False,False,0,C
2253,645.0,8424,G,G,,False,False,0,G
2254,,8425,A,A,,False,False,0,A
2255,646.0,8426,A,A,,False,False,0,A
2256,,8427,G,G,,False,False,0,G
2257,,8428,A,A,,False,False,0,A
2258,,8429,A,A,,False,False,0,A
2259,,8430,G,G,,False,False,0,G
2260,,8431,A,A,,False,False,0,A
2261,,8432,A,A,,False,False,0,A
2262,,8433,G,G,,False,False,0,G
2263,,8434,G,G,,False,False,0,G
2264,,8435,T,T,,False,False,0,T
2265,,8436,G,G,,False,False,0,G
2266,,8437,G,G,,False,False,0,G
2267,,8438,A,A,,False,False,0,A
2268,,8439,G,G,,False,False,0,G
2269,647.0,8440,A,A,,False,False,0,A
2270,648.0,8441,G,G,,False,False,0,G
2271,,8442,C,C,,False,False,0,C
2272,649.0,8443,A,A,,False,False,0,A
2273,,8444,A,A,,False,False,0,A
2274,,8445,G,G,,False,False,0,G
2275,650.0,8446,A,A,,False,False,0,A
2276,,8447,C,C,,False,False,0,C
2277,,8448,A,A,,False,False,0,A
2278,,8449,G,G,,False,False,0,G
2279,,8450,A,A,,False,False,0,A
2280,651.0,8451,G,G,,False,False,0,G
2281,652.0,8452,G,A,,False,False,0,A
2282,,8453,C,C,,False,False,0,C
2283,653.0,8454,A,A,,False,False,0,A
2284,,8455,G,G,,False,False,0,G
2285,,8456,A,A,,False,False,0,A
2286,,8457,T,T,,False,False,0,T
2287,,8458,C,C,,False,False,0,C
2288,,8459,C,C,,False,False,0,C
2289,654.0,8460,G,A,,False,False,0,A
2290,,8461,T,T,,False,False,0,T
2291,655.0,8462,A,T,,False,False,0,A
2292,656.0,8463,C,C,,False,False,0,A
2293,,8464,G,G,,False,False,0,G
2294,657.0,8465,C,A,,False,False,0,A
2295,,8466,T,T,,False,False,0,T
2296,,8467,T,T,,False,False,0,T
2297,,8468,A,A,,False,False,0,A
2298,,8469,G,G,,False,False,0,G
2299,,8470,T,T,,False,False,0,T
2300,,8471,G,G,,False,False,0,G
2301,,8472,A,A,,False,False,0,A
2302,658.0,8473,A,A,,False,False,0,G
2303,659.0,8474,C,C,,False,False,0,C
2304,,8475,G,G,,False,False,0,G
2305,,8476,G,G,,False,False,0,G
2306,,8477,A,A,,False,False,0,A
2307,,8478,T,T,,False,False,0,T
2308,,8479,T,T,,False,False,0,T
2309,,8480,C,C,,False,False,0,C
2310,,8481,T,T,,False,False,0,T
2311,,8482,T,T,,False,False,0,T
2312,660.0,8483,A,A,,False,False,0,C
2313,661.0,8484,G,G,,False,False,0,T
2314,,8485,C,C,,False,False,0,C
2315,662.0,8486,A,A,,False,False,0,A
2316,,8487,C,C,,False,False,0,C
2317,,8488,T,T,,False,False,0,T
2318,,8489,T,T,,False,False,0,T
2319,663.0,8490,G,G,,False,False,0,G
2320,664.0,8491,T,C,,False,False,0,C
2321,,8492,C,C,,False,False,0,C
2322,,8493,T,T,,False,False,0,T
2323,,8494,G,G,,False,False,0,G
2324,,8495,G,G,,False,False,0,G
2325,665.0,8496,G,G,,False,False,0,A
2326,,8497,A,A,,False,False,0,A
2327,666.0,8498,C,C,,False,False,0,C
2328,,8499,G,G,,False,False,0,G
2329,,8500,A,A,,False,False,0,A
2330,,8501,C,T,,False,False,0,C
2331,,8502,C,C,,False,False,0,C
2332,,8503,T,T,,False,False,0,T
2333,,8504,G,G,,False,False,0,G
2334,667.0,8505,C,C,,False,False,0,C
2335,,8506,G,G,,False,False,0,G
2336,,8507,G,G,,False,False,0,G
2337,,8508,A,A,,False,False,0,A
2338,,8509,G,G,,False,False,0,G
2339,,8510,C,C,,False,False,0,C
2340,,8511,C,C,,False,False,0,C
2341,,8512,T,T,,False,False,0,T
2342,,8513,G,G,,False,False,0,G
2343,,8514,T,T,,False,False,0,T
2344,,8515,G,G,,False,False,0,G
2345,,8516,C,C,,False,False,0,C
2346,,8517,C,C,,False,False,0,C
2347,,8518,T,T,,False,False,0,T
2348,,8519,C,C,,False,False,0,C
2349,,8520,T,T,,False,False,0,T
2350,,8521,T,T,,False,False,0,T
2351,668.0,8522,C,C,,False,False,0,C
2352,669.0,8523,G,A,,False,False,0,T
2353,,8524,G,G,,False,False,0,G
2354,,8525,C,C,,False,False,0,C
2355,,8526,T,T,,False,False,0,T
2356,,8527,A,A,,False,False,0,A
2357,,8528,C,C,,False,False,0,C
2358,,8529,C,C,,False,False,0,C
2359,,8530,A,A,,False,False,0,A
2360,,8531,C,C,,False,False,0,C
2361,,8532,C,C,,False,False,0,C
2362,670.0,8533,A,G,,False,False,0,G
2363,671.0,8534,C,A,,False,False,0,A
2364,,8535,T,T,,False,False,0,T
2365,,8536,T,T,,False,False,0,T
2366,,8537,G,G,,False,False,0,G
2367,,8538,A,A,,False,False,0,A
2368,,8539,G,G,,False,False,0,G
2369,672.0,8540,A,A,,False,False,0,A
2370,,8541,G,G,,False,False,0,G
2371,,8542,A,A,,False,False,0,A
2372,,8543,C,C,,False,False,0,C
2373,,8544,T,T,,False,False,0,T
2374,,8545,T,T,,False,False,0,T
2375,,8546,C,C,,False,False,0,C
2376,673.0,8547,A,A,,False,False,0,A
2377,674.0,8548,C,T,,False,False,0,T
2378,,8549,A,A,,False,False,0,A
2379,,8550,T,T,,False,False,0,T
2380,,8551,T,T,,False,False,0,T
2381,675.0,8552,G,G,,False,False,0,A
2382,,8553,A,G,,False,False,0,A
2383,,8554,T,T,,False,False,0,T
2384,,8555,T,G,,False,False,0,T
2385,,8556,G,G,,False,False,0,G
2386,,8557,C,C,,False,False,0,C
2387,,8558,A,A,,False,False,0,A
2388,,8559,G,G,,False,False,0,G
2389,676.0,8560,C,C,,False,False,0,G
2390,,8561,G,G,,False,False,0,G
2391,,8562,A,A,,False,False,0,A
2392,,8563,G,G,,False,False,0,G
2393,,8564,A,A,,False,False,0,A
2394,,8565,G,G,,False,False,0,G
2395,,8566,C,C,,False,False,0,C
2396,,8567,A,A,,False,False,0,A
2397,677.0,8568,G,G,,False,False,0,G
2398,,8569,T,T,,False,False,0,T
2399,,8570,G,G,,False,False,0,G
2400,,8571,G,G,,False,False,0,G
2401,,8572,A,A,,False,False,0,A
2402,,8573,A,A,,False,False,0,A
2403,,8574,C,C,,False,False,0,C
2404,678.0,8575,T,T,,False,False,0,T
2405,679.0,8576,T,T,,False,False,0,T
2406,,8577,C,C,,False,False,0,C
2407,,8578,T,T,,False,False,0,T
2408,,8579,G,G,,False,False,0,G
2409,,8580,G,G,,False,False,0,G
2410,680.0,8581,G,G,,False,False,0,G
2411,,8582,A,A,,False,False,0,A
2412,,8583,C,C,,False,False,0,C
2413,681.0,8584,G,G,,False,False,0,G
2414,,8585,C,C,,False,False,0,C
2415,,8585a,A,A,,False,False,0,A
2416,682.0,8585b,G,G,,False,False,0,G
2417,,8585c,C,C,,False,False,0,C
2418,,8585d,A,A,,False,False,0,A
2419,683.0,8585e,T,G,,False,False,0,G
2420,,8585f,T,T,,False,False,0,T
2421,,8585g,C,C,,False,False,0,C
2422,,8585h,T,T,,False,False,0,T
2423,,8585i,C,C,,False,False,0,C
2424,684.0,8585j,A,A,,False,False,0,C
2425,,8585k,A,G,,False,False,0,A
2426,,8585l,G,G,,False,False,0,G
2427,,8585m,G,G,,False,False,0,G
2428,,8585n,G,G,,False,False,0,G
2429,685.0,8585o,A,A,,False,False,0,A
2430,,8585p,C,C,,False,False,0,C
2431,,8585q,T,T,,False,False,0,T
2432,,8585r,A,A,,False,False,0,A
2433,,8585s,C,C,,False,False,0,C
2434,,8585t,A,A,,False,False,0,A
2435,686.0,8585u,G,G,,False,False,0,G
2436,,8586,A,A,,False,False,0,A
2437,,8587,G,G,,False,False,0,G
2438,687.0,8588,G,G,,False,False,0,G
2439,,8589,G,G,,False,False,0,G
2440,,8590,G,G,,False,False,0,G
2441,688.0,8591,G,G,,False,False,0,G
2442,,8592,T,T,,False,False,0,T
2443,,8593,G,G,,False,False,0,G
2444,,8594,G,G,,False,False,0,G
2445,689.0,8595,G,G,,False,False,0,G
2446,,8596,A,A,,False,False,0,A
2447,690.0,8597,A,A,,False,False,0,A
2448,691.0,8598,G,G,,False,False,0,A
2449,692.0,8599,C,C,,False,False,0,T
2450,,8600,C,C,,False,False,0,C
2451,693.0,8601,C,C,,False,False,0,C
2452,,8602,T,T,,False,False,0,T
2453,,8603,T,T,,False,False,0,T
2454,,8604,A,A,,False,False,0,A
2455,,8605,A,A,,False,False,0,A
2456,,8606,G,G,,False,False,0,G
2457,,8607,T,T,,False,False,0,T
2458,,8608,A,A,,False,False,0,A
2459,694.0,8609,T,T,,False,False,0,C
2460,,8610,C,C,,False,False,0,C
2461,,8611,T,T,,False,False,0,T
2462,,8612,G,G,,False,False,0,G
2463,,8613,G,G,,False,False,0,G
2464,,8614,G,G,,False,False,0,G
2465,695.0,8615,A,A,,False,False,0,A
2466,696.0,8616,A,A,,False,False,0,A
2467,697.0,8617,G,G,,False,False,0,G
2468,698.0,8618,T,T,,False,False,0,T
2469,699.0,8619,C,C,,False,False,0,C
2470,,8620,T,T,,False,False,0,T
2471,,8621,T,T,,False,False,0,T
2472,,8622,G,G,,False,False,0,G
2473,,8623,T,T,,False,False,0,T
2474,,8624,G,G,,False,False,0,G
2475,,8625,C,C,,False,False,0,C
2476,,8626,A,A,,False,False,0,A
2477,,8627,G,G,,False,False,0,G
2478,,8628,T,T,,False,False,0,T
2479,,8629,A,A,,False,False,0,A
2480,700.0,8630,C,T,,False,False,0,T
2481,,8631,T,T,,False,False,0,T
2482,,8632,G,G,,False,False,0,G
2483,,8633,G,G,,False,False,0,G
2484,,8634,G,G,,False,False,0,G
2485,,8635,G,G,,False,False,0,G
2486,701.0,8636,T,T,,False,False,0,T
2487,,8637,C,C,,False,False,0,C
2488,,8638,T,T,,False,False,0,T
2489,702.0,8639,G,G,,False,False,0,A
2490,,8640,G,G,,False,False,0,G
2491,,8641,A,A,,False,False,0,A
2492,703.0,8642,A,G,,False,False,0,G
2493,704.0,8643,C,C,,False,False,0,C
2494,,8644,T,T,,False,False,0,T
2495,,8645,A,A,,False,False,0,A
2496,,8646,A,A,,False,False,0,A
2497,705.0,8647,A,A,,False,False,0,A
2498,,8648,A,A,,False,False,0,A
2499,706.0,8649,G,A,,False,False,0,A
2500,707.0,8650,G,A,,False,False,0,A
2501,,8651,G,G,,False,False,0,G
2502,,8652,A,A,,False,False,0,A
2503,,8653,G,G,,False,False,0,G
2504,708.0,8654,T,T,,False,False,0,T
2505,,8655,G,G,,False,False,0,G
2506,,8656,C,C,,False,False,0,C
2507,,8657,T,T,,False,False,0,T
2508,709.0,8658,A,A,,False,False,0,A
2509,710.0,8659,T,T,,False,False,0,T
2510,,8660,T,T,,False,False,0,T
2511,,8661,A,A,,False,False,0,A
2512,711.0,8662,G,G,,False,False,0,A
2513,,8663,T,T,,False,False,0,T
2514,,8664,C,C,,False,False,0,C
2515,,8665,T,T,,False,False,0,T
2516,,8666,G,G,,False,False,0,G
2517,712.0,8667,C,C,,False,False,0,T
2518,,8668,T,T,,False,False,0,T
2519,,8669,T,T,,False,False,0,T
2520,,8670,G,G,,False,False,0,G
2521,,8671,A,A,,False,False,0,A
2522,713.0,8672,T,T,,False,False,0,T
2523,,8673,A,A,,False,False,0,A
2524,,8674,C,C,,False,False,0,C
2525,,8675,C,C,,False,False,0,C
2526,714.0,8676,A,A,,False,False,0,A
2527,,8677,T,T,,False,False,0,T
2528,,8678,A,A,,False,False,0,A
2529,715.0,8679,G,G,,False,False,0,G
2530,,8680,C,C,,False,False,0,C
2531,716.0,8681,A,A,,False,False,0,A
2532,,8682,A,A,,False,False,0,A
2533,717.0,8683,T,T,,False,False,0,T
2534,718.0,8684,A,A,,False,True,0,A
2535,719.0,8685,G,G,,False,True,0,G
2536,720.0,8686,C,C,,False,True,0,C
2537,721.0,8687,A,A,,False,True,0,A
2538,722.0,8688,G,G,,False,True,0,G
2539,723.0,8689,T,T,,False,True,0,T
2540,724.0,8690,A,A,,False,True,0,A
2541,725.0,8691,G,G,,False,True,0,G
2542,726.0,8692,C,C,,False,True,0,C
2543,727.0,8693,T,T,,False,True,0,T
2544,728.0,8694,G,G,,False,True,0,G
2545,729.0,8695,A,A,,False,True,0,A
2546,730.0,8696,A,A,,False,True,0,A
2547,731.0,8697,G,G,,False,True,0,G
2548,732.0,8698,G,G,,False,True,0,G
2549,733.0,8699,A,A,,False,True,0,A
2550,734.0,8700,A,A,,False,True,0,A
2551,735.0,8701,C,C,,False,True,0,C
2552,736.0,8702,A,A,,False,True,0,A
2553,737.0,8703,G,G,,False,True,0,G
2554,738.0,8704,A,A,,False,True,0,A
2555,739.0,8705,T,T,,False,True,0,T
2556,740.0,8706,A,A,,False,True,0,A
2557,741.0,8707,G,G,,False,True,0,G
2558,742.0,8708,G,G,,False,True,0,G
2559,743.0,8709,A,A,,False,True,0,A
2560,744.0,8710,T,T,,False,True,0,T
2561,745.0,8711,T,T,,False,True,0,T
2562,746.0,8712,C,A,,False,True,0,A
2563,747.0,8713,T,T,,False,True,0,T
2564,748.0,8714,A,A,,False,True,0,A
2565,749.0,8715,G,G,,False,True,0,G
2566,750.0,8716,A,A,,False,True,0,A
2567,751.0,8717,A,A,,False,True,0,A
2568,752.0,8718,T,T,,False,True,0,T
2569,753.0,8719,T,T,,False,True,0,T
2570,754.0,8720,C,A,,False,True,0,C
2571,755.0,8721,A,A,,False,True,0,T
2572,756.0,8722,T,T,,False,True,0,T
2573,757.0,8723,A,A,,False,True,0,A
2574,758.0,8724,C,C,,False,True,0,C
2575,759.0,8725,A,A,,False,True,0,A
2576,760.0,8726,A,A,,False,True,0,A
2577,761.0,8727,A,A,,False,True,0,A
2578,762.0,8728,G,G,,False,True,0,G
2579,763.0,8729,A,A,,False,True,0,A
2580,764.0,8730,T,A,,False,True,0,A
2581,765.0,8731,T,T,,False,True,0,T
2582,766.0,8732,T,T,,False,True,0,T
2583,767.0,8733,T,T,,False,True,0,G
2584,768.0,8734,G,G,,False,True,0,T
2585,769.0,8735,T,T,,False,True,0,T
2586,770.0,8736,A,A,,False,True,0,A
2587,771.0,8737,G,G,,False,True,0,G
2588,772.0,8738,A,A,,False,True,0,A
2589,773.0,8739,G,G,,False,True,0,G
2590,774.0,8740,C,C,,False,True,0,C
2591,775.0,8741,T,T,,False,True,0,T
2592,776.0,8742,G,A,,False,True,0,A
2593,777.0,8743,T,T,,False,True,0,T
2594,778.0,8744,C,C,,False,True,0,C
2595,779.0,8745,C,C,,False,True,0,C
2596,780.0,8746,T,G,,False,True,0,T
2597,781.0,8747,C,C,,False,True,0,C
2598,782.0,8748,A,A,,False,True,0,C
2599,783.0,8749,A,A,,False,True,0,A
2600,784.0,8750,C,C,,False,True,0,C
2601,785.0,8751,C,A,,False,True,0,A
2602,786.0,8752,T,T,,False,True,0,T
2603,787.0,8753,A,A,,False,True,0,A
2604,788.0,8754,C,C,,False,True,0,C
2605,789.0,8755,C,C,,False,True,0,C
2606,790.0,8756,T,T,,False,True,0,T
2607,791.0,8757,A,A,,False,True,0,A
2608,792.0,8758,G,G,,False,True,0,G
2609,793.0,8759,A,A,,False,True,0,A
2610,794.0,8760,A,A,,False,True,0,A
2611,795.0,8761,G,G,,False,True,0,G
2612,796.0,8762,A,A,,False,True,0,A
2613,797.0,8763,G,A,,False,True,0,A
2614,798.0,8764,T,T,,False,True,0,T
2615,799.0,8765,A,A,,False,True,0,A
2616,800.0,8766,A,A,,False,True,0,A
2617,801.0,8767,G,G,,False,True,0,G
2618,802.0,8768,A,A,,False,True,0,A
2619,803.0,8769,C,C,,False,True,0,C
2620,804.0,8770,A,A,,False,True,0,A
2621,805.0,8771,G,G,,False,True,0,G
2622,806.0,8772,G,G,,False,True,0,G
2623,807.0,8773,G,G,,False,True,0,G
2624,808.0,8774,C,C,,False,True,0,C
2625,809.0,8775,T,T,,False,True,0,T
2626,810.0,8776,T,T,,False,True,0,T
2627,811.0,8777,T,T,,False,True,0,T
2628,812.0,8778,G,G,,False,True,0,G
2629,813.0,8779,A,A,,False,True,0,A
2630,814.0,8780,A,A,,False,True,0,A
2631,815.0,8781,G,G,,False,True,0,G
2632,816.0,8782,C,C,,False,True,0,C
2633,817.0,8783,A,A,,False,True,0,A
2634,818.0,8784,G,G,,False,True,0,G
2635,819.0,8785,C,C,,False,True,0,C
2636,820.0,8786,T,T,,False,True,0,T
2637,821.0,8787,T,T,,False,True,0,T
2638,822.0,8788,T,T,,False,True,0,T
2639,823.0,8789,G,G,,False,True,0,G
2640,824.0,8790,C,C,,False,True,0,C
2641,825.0,8791,T,T,,False,True,0,A
2642,826.0,8792,G,A,,False,True,0,A
2643,827.0,8793,T,T,,False,True,0,T
2644,828.0,8794,A,A,,False,True,0,A
2645,829.0,8795,A,A,,False,True,0,A
